categoria,probabilidade,recomendacoes,consumo_estimado_kwh,custo_estimado_mensal,alerta_consumo_alto,id_cliente
Moderado,0.51,"['Seu consumo está na média do seu perfil, mas ainda há espaço pra economizar.', ""Sua maior fonte de consumo é a categoria 'Climatizacao': Ajuste o ar-condicionado para 23-24°C e evite deixá-lo ligado sem necessidade.""]",1220.14,915.1,False,1
Moderado,0.83,"['Seu consumo está na média do seu perfil, mas ainda há espaço pra economizar.', ""Sua maior fonte de consumo é a categoria 'Cozinha': Concentre o uso de forno elétrico/airfryer fora do horário de ponta da Light (17h30-20h30).""]",2120.43,1590.32,False,2
Moderado,0.47,"['Seu consumo está na média do seu perfil, mas ainda há espaço pra economizar.', ""Sua maior fonte de consumo é a categoria 'TI': Desligue computadores e servidores quando não estiverem em uso.""]",4485.25,3363.94,False,3
Ineficiente,0.75,"['Seu consumo está acima do esperado para o seu tipo de imóvel — dá pra economizar bastante.', ""Sua maior fonte de consumo é a categoria 'TI': Desligue computadores e servidores quando não estiverem em uso.""]",15215.76,11411.82,True,4
Eficiente,0.76,"['Parabéns! Seu consumo está dentro do esperado para o seu perfil. Continue assim.', ""Sua maior fonte de consumo é a categoria 'TI': Desligue computadores e servidores quando não estiverem em uso.""]",3067.45,2300.59,False,5
Ineficiente,0.71,"['Seu consumo está acima do esperado para o seu tipo de imóvel — dá pra economizar bastante.', ""Sua maior fonte de consumo é a categoria 'TI': Desligue computadores e servidores quando não estiverem em uso.""]",13373.08,10029.81,True,6
Moderado,0.58,"['Seu consumo está na média do seu perfil, mas ainda há espaço pra economizar.', ""Sua maior fonte de consumo é a categoria 'TI': Desligue computadores e servidores quando não estiverem em uso.""]",6142.14,4606.6,False,7
Moderado,0.49,"['Seu consumo está na média do seu perfil, mas ainda há espaço pra economizar.', ""Sua maior fonte de consumo é a categoria 'TI': Desligue computadores e servidores quando não estiverem em uso.""]",4378.58,3283.93,False,8
Ineficiente,0.59,"['Seu consumo está acima do esperado para o seu tipo de imóvel — dá pra economizar bastante.', ""Sua maior fonte de consumo é a categoria 'Banheiro': Reduza o tempo de banho e evite usar o chuveiro elétrico na potência máxima, especialmente entre 17h30-20h30.""]",4965.64,3724.23,True,9
Moderado,0.78,"['Seu consumo está na média do seu perfil, mas ainda há espaço pra economizar.', ""Sua maior fonte de consumo é a categoria 'Banheiro': Reduza o tempo de banho e evite usar o chuveiro elétrico na potência máxima, especialmente entre 17h30-20h30.""]",558.82,419.11,False,10
Eficiente,0.79,"['Parabéns! Seu consumo está dentro do esperado para o seu perfil. Continue assim.', ""Sua maior fonte de consumo é a categoria 'Cozinha': Concentre o uso de forno elétrico/airfryer fora do horário de ponta da Light (17h30-20h30).""]",1396.44,1047.33,False,11
Ineficiente,0.56,"['Seu consumo está acima do esperado para o seu tipo de imóvel — dá pra economizar bastante.', ""Sua maior fonte de consumo é a categoria 'Industrial': Distribua o uso do maquinário ao longo do dia -- evite concentrar em horário de ponta (17h30-20h30), quando a tarifa é mais alta.""]",27698.9,20774.18,True,12
Moderado,0.64,"['Seu consumo está na média do seu perfil, mas ainda há espaço pra economizar.', ""Sua maior fonte de consumo é a categoria 'Industrial': Distribua o uso do maquinário ao longo do dia -- evite concentrar em horário de ponta (17h30-20h30), quando a tarifa é mais alta.""]",10248.06,7686.04,False,13
Moderado,0.64,"['Seu consumo está na média do seu perfil, mas ainda há espaço pra economizar.', ""Sua maior fonte de consumo é a categoria 'Banheiro': Reduza o tempo de banho e evite usar o chuveiro elétrico na potência máxima, especialmente entre 17h30-20h30.""]",4440.11,3330.08,False,14
Ineficiente,0.66,"['Seu consumo está acima do esperado para o seu tipo de imóvel — dá pra economizar bastante.', ""Sua maior fonte de consumo é a categoria 'TI': Desligue computadores e servidores quando não estiverem em uso.""]",8826.04,6619.53,True,15
Moderado,0.5,"['Seu consumo está na média do seu perfil, mas ainda há espaço pra economizar.', ""Sua maior fonte de consumo é a categoria 'Industrial': Distribua o uso do maquinário ao longo do dia -- evite concentrar em horário de ponta (17h30-20h30), quando a tarifa é mais alta.""]",11836.85,8877.64,False,16
Moderado,0.81,"['Seu consumo está na média do seu perfil, mas ainda há espaço pra economizar.', ""Sua maior fonte de consumo é a categoria 'Banheiro': Reduza o tempo de banho e evite usar o chuveiro elétrico na potência máxima, especialmente entre 17h30-20h30.""]",2557.7,1918.28,False,17
Moderado,0.69,"['Seu consumo está na média do seu perfil, mas ainda há espaço pra economizar.', ""Sua maior fonte de consumo é a categoria 'Banheiro': Reduza o tempo de banho e evite usar o chuveiro elétrico na potência máxima, especialmente entre 17h30-20h30.""]",4031.88,3023.91,False,18
Eficiente,0.74,"['Parabéns! Seu consumo está dentro do esperado para o seu perfil. Continue assim.', ""Sua maior fonte de consumo é a categoria 'Industrial': Distribua o uso do maquinário ao longo do dia -- evite concentrar em horário de ponta (17h30-20h30), quando a tarifa é mais alta.""]",7261.05,5445.79,False,19
Eficiente,0.54,"['Parabéns! Seu consumo está dentro do esperado para o seu perfil. Continue assim.', ""Sua maior fonte de consumo é a categoria 'Cozinha': Concentre o uso de forno elétrico/airfryer fora do horário de ponta da Light (17h30-20h30).""]",1274.79,956.09,False,20
Moderado,0.66,"['Seu consumo está na média do seu perfil, mas ainda há espaço pra economizar.', ""Sua maior fonte de consumo é a categoria 'TI': Desligue computadores e servidores quando não estiverem em uso.""]",3719.75,2789.81,False,21
Ineficiente,0.74,"['Seu consumo está acima do esperado para o seu tipo de imóvel — dá pra economizar bastante.', ""Sua maior fonte de consumo é a categoria 'Banheiro': Reduza o tempo de banho e evite usar o chuveiro elétrico na potência máxima, especialmente entre 17h30-20h30.""]",5327.26,3995.45,True,22
Ineficiente,0.66,"['Seu consumo está acima do esperado para o seu tipo de imóvel — dá pra economizar bastante.', ""Sua maior fonte de consumo é a categoria 'Industrial': Distribua o uso do maquinário ao longo do dia -- evite concentrar em horário de ponta (17h30-20h30), quando a tarifa é mais alta.""]",19518.0,14638.5,True,23
Ineficiente,0.71,"['Seu consumo está acima do esperado para o seu tipo de imóvel — dá pra economizar bastante.', ""Sua maior fonte de consumo é a categoria 'Industrial': Distribua o uso do maquinário ao longo do dia -- evite concentrar em horário de ponta (17h30-20h30), quando a tarifa é mais alta.""]",21089.76,15817.32,True,24
Eficiente,0.94,"['Parabéns! Seu consumo está dentro do esperado para o seu perfil. Continue assim.', ""Sua maior fonte de consumo é a categoria 'TI': Desligue computadores e servidores quando não estiverem em uso.""]",4561.14,3420.85,False,25
Eficiente,0.52,"['Parabéns! Seu consumo está dentro do esperado para o seu perfil. Continue assim.', ""Sua maior fonte de consumo é a categoria 'Cozinha': Concentre o uso de forno elétrico/airfryer fora do horário de ponta da Light (17h30-20h30).""]",607.23,455.42,False,26
Ineficiente,0.69,"['Seu consumo está acima do esperado para o seu tipo de imóvel — dá pra economizar bastante.', ""Sua maior fonte de consumo é a categoria 'TI': Desligue computadores e servidores quando não estiverem em uso.""]",8893.0,6669.75,True,27
Ineficiente,0.85,"['Seu consumo está acima do esperado para o seu tipo de imóvel — dá pra economizar bastante.', ""Sua maior fonte de consumo é a categoria 'Climatizacao': Ajuste o ar-condicionado para 23-24°C e evite deixá-lo ligado sem necessidade.""]",6216.96,4662.72,True,28
Moderado,0.63,"['Seu consumo está na média do seu perfil, mas ainda há espaço pra economizar.', ""Sua maior fonte de consumo é a categoria 'Cozinha': Concentre o uso de forno elétrico/airfryer fora do horário de ponta da Light (17h30-20h30).""]",2712.16,2034.12,False,29
Moderado,0.59,"['Seu consumo está na média do seu perfil, mas ainda há espaço pra economizar.', ""Sua maior fonte de consumo é a categoria 'TI': Desligue computadores e servidores quando não estiverem em uso.""]",7065.64,5299.23,False,30
Eficiente,0.62,"['Parabéns! Seu consumo está dentro do esperado para o seu perfil. Continue assim.', ""Sua maior fonte de consumo é a categoria 'Cozinha': Concentre o uso de forno elétrico/airfryer fora do horário de ponta da Light (17h30-20h30).""]",850.58,637.93,False,31
Eficiente,0.93,"['Parabéns! Seu consumo está dentro do esperado para o seu perfil. Continue assim.', ""Sua maior fonte de consumo é a categoria 'Cozinha': Concentre o uso de forno elétrico/airfryer fora do horário de ponta da Light (17h30-20h30).""]",935.04,701.28,False,32
Eficiente,0.73,"['Parabéns! Seu consumo está dentro do esperado para o seu perfil. Continue assim.', ""Sua maior fonte de consumo é a categoria 'Cozinha': Concentre o uso de forno elétrico/airfryer fora do horário de ponta da Light (17h30-20h30).""]",809.6,607.2,False,33
Eficiente,0.54,"['Parabéns! Seu consumo está dentro do esperado para o seu perfil. Continue assim.', ""Sua maior fonte de consumo é a categoria 'Cozinha': Concentre o uso de forno elétrico/airfryer fora do horário de ponta da Light (17h30-20h30).""]",1925.44,1444.08,False,34
Eficiente,0.73,"['Parabéns! Seu consumo está dentro do esperado para o seu perfil. Continue assim.', ""Sua maior fonte de consumo é a categoria 'Climatizacao': Ajuste o ar-condicionado para 23-24°C e evite deixá-lo ligado sem necessidade.""]",1451.58,1088.68,False,35
Eficiente,0.44,"['Parabéns! Seu consumo está dentro do esperado para o seu perfil. Continue assim.', ""Sua maior fonte de consumo é a categoria 'Iluminacao': Troque lâmpadas convencionais por LED, que consomem bem menos.""]",5535.36,4151.52,False,36
Moderado,0.75,"['Seu consumo está na média do seu perfil, mas ainda há espaço pra economizar.', ""Sua maior fonte de consumo é a categoria 'Banheiro': Reduza o tempo de banho e evite usar o chuveiro elétrico na potência máxima, especialmente entre 17h30-20h30.""]",2658.27,1993.7,False,37
Moderado,0.5,"['Seu consumo está na média do seu perfil, mas ainda há espaço pra economizar.', ""Sua maior fonte de consumo é a categoria 'Climatizacao': Ajuste o ar-condicionado para 23-24°C e evite deixá-lo ligado sem necessidade.""]",2727.48,2045.61,False,38
Moderado,0.76,"['Seu consumo está na média do seu perfil, mas ainda há espaço pra economizar.', ""Sua maior fonte de consumo é a categoria 'Banheiro': Reduza o tempo de banho e evite usar o chuveiro elétrico na potência máxima, especialmente entre 17h30-20h30.""]",521.0,390.75,False,39
Eficiente,0.85,"['Parabéns! Seu consumo está dentro do esperado para o seu perfil. Continue assim.', ""Sua maior fonte de consumo é a categoria 'Cozinha': Concentre o uso de forno elétrico/airfryer fora do horário de ponta da Light (17h30-20h30).""]",773.57,580.18,False,40
Eficiente,0.7,"['Parabéns! Seu consumo está dentro do esperado para o seu perfil. Continue assim.', ""Sua maior fonte de consumo é a categoria 'Cozinha': Concentre o uso de forno elétrico/airfryer fora do horário de ponta da Light (17h30-20h30).""]",226.26,169.7,False,41
Ineficiente,0.62,"['Seu consumo está acima do esperado para o seu tipo de imóvel — dá pra economizar bastante.', ""Sua maior fonte de consumo é a categoria 'Climatizacao': Ajuste o ar-condicionado para 23-24°C e evite deixá-lo ligado sem necessidade.""]",8540.17,6405.13,True,42
Eficiente,0.75,"['Parabéns! Seu consumo está dentro do esperado para o seu perfil. Continue assim.', ""Sua maior fonte de consumo é a categoria 'Climatizacao': Ajuste o ar-condicionado para 23-24°C e evite deixá-lo ligado sem necessidade.""]",1243.46,932.59,False,43
Moderado,0.57,"['Seu consumo está na média do seu perfil, mas ainda há espaço pra economizar.', ""Sua maior fonte de consumo é a categoria 'TI': Desligue computadores e servidores quando não estiverem em uso.""]",6169.28,4626.96,False,44
Eficiente,0.9,"['Parabéns! Seu consumo está dentro do esperado para o seu perfil. Continue assim.', ""Sua maior fonte de consumo é a categoria 'Climatizacao': Ajuste o ar-condicionado para 23-24°C e evite deixá-lo ligado sem necessidade.""]",2366.06,1774.54,False,45
Moderado,0.55,"['Seu consumo está na média do seu perfil, mas ainda há espaço pra economizar.', ""Sua maior fonte de consumo é a categoria 'TI': Desligue computadores e servidores quando não estiverem em uso.""]",4820.67,3615.5,False,46
Ineficiente,0.79,"['Seu consumo está acima do esperado para o seu tipo de imóvel — dá pra economizar bastante.', ""Sua maior fonte de consumo é a categoria 'Banheiro': Reduza o tempo de banho e evite usar o chuveiro elétrico na potência máxima, especialmente entre 17h30-20h30.""]",3985.52,2989.14,True,47
Moderado,0.75,"['Seu consumo está na média do seu perfil, mas ainda há espaço pra economizar.', ""Sua maior fonte de consumo é a categoria 'Banheiro': Reduza o tempo de banho e evite usar o chuveiro elétrico na potência máxima, especialmente entre 17h30-20h30.""]",1892.8,1419.6,False,48
Eficiente,0.86,"['Parabéns! Seu consumo está dentro do esperado para o seu perfil. Continue assim.', ""Sua maior fonte de consumo é a categoria 'Iluminacao': Troque lâmpadas convencionais por LED, que consomem bem menos.""]",1467.6,1100.7,False,49
Ineficiente,0.51,"['Seu consumo está acima do esperado para o seu tipo de imóvel — dá pra economizar bastante.', ""Sua maior fonte de consumo é a categoria 'Banheiro': Reduza o tempo de banho e evite usar o chuveiro elétrico na potência máxima, especialmente entre 17h30-20h30.""]",2889.3,2166.98,True,50
Moderado,0.55,"['Seu consumo está na média do seu perfil, mas ainda há espaço pra economizar.', ""Sua maior fonte de consumo é a categoria 'TI': Desligue computadores e servidores quando não estiverem em uso.""]",8016.24,6012.18,False,51
Moderado,0.82,"['Seu consumo está na média do seu perfil, mas ainda há espaço pra economizar.', ""Sua maior fonte de consumo é a categoria 'Cozinha': Concentre o uso de forno elétrico/airfryer fora do horário de ponta da Light (17h30-20h30).""]",2696.62,2022.47,False,52
Moderado,0.57,"['Seu consumo está na média do seu perfil, mas ainda há espaço pra economizar.', ""Sua maior fonte de consumo é a categoria 'Industrial': Distribua o uso do maquinário ao longo do dia -- evite concentrar em horário de ponta (17h30-20h30), quando a tarifa é mais alta.""]",16353.36,12265.02,False,53
Moderado,0.5,"['Seu consumo está na média do seu perfil, mas ainda há espaço pra economizar.', ""Sua maior fonte de consumo é a categoria 'TI': Desligue computadores e servidores quando não estiverem em uso.""]",3748.8,2811.6,False,54
Ineficiente,0.82,"['Seu consumo está acima do esperado para o seu tipo de imóvel — dá pra economizar bastante.', ""Sua maior fonte de consumo é a categoria 'Industrial': Distribua o uso do maquinário ao longo do dia -- evite concentrar em horário de ponta (17h30-20h30), quando a tarifa é mais alta.""]",36423.21,27317.41,True,55
Eficiente,0.64,"['Parabéns! Seu consumo está dentro do esperado para o seu perfil. Continue assim.', ""Sua maior fonte de consumo é a categoria 'Entretenimento': Evite deixar TV e videogame em modo standby por longos períodos.""]",123.83,92.87,False,56
Moderado,0.56,"['Seu consumo está na média do seu perfil, mas ainda há espaço pra economizar.', ""Sua maior fonte de consumo é a categoria 'Iluminacao': Troque lâmpadas convencionais por LED, que consomem bem menos.""]",6047.3,4535.48,False,57
Eficiente,0.49,"['Parabéns! Seu consumo está dentro do esperado para o seu perfil. Continue assim.', ""Sua maior fonte de consumo é a categoria 'Climatizacao': Ajuste o ar-condicionado para 23-24°C e evite deixá-lo ligado sem necessidade.""]",1099.32,824.49,False,58
Moderado,0.59,"['Seu consumo está na média do seu perfil, mas ainda há espaço pra economizar.', ""Sua maior fonte de consumo é a categoria 'Cozinha': Concentre o uso de forno elétrico/airfryer fora do horário de ponta da Light (17h30-20h30).""]",1140.35,855.26,False,59
Moderado,0.4,"['Seu consumo está na média do seu perfil, mas ainda há espaço pra economizar.', ""Sua maior fonte de consumo é a categoria 'Iluminacao': Troque lâmpadas convencionais por LED, que consomem bem menos.""]",3971.2,2978.4,False,60
Moderado,0.59,"['Seu consumo está na média do seu perfil, mas ainda há espaço pra economizar.', ""Sua maior fonte de consumo é a categoria 'TI': Desligue computadores e servidores quando não estiverem em uso.""]",3847.38,2885.53,False,61
Ineficiente,0.73,"['Seu consumo está acima do esperado para o seu tipo de imóvel — dá pra economizar bastante.', ""Sua maior fonte de consumo é a categoria 'Industrial': Distribua o uso do maquinário ao longo do dia -- evite concentrar em horário de ponta (17h30-20h30), quando a tarifa é mais alta.""]",31668.84,23751.63,True,62
Eficiente,0.7,"['Parabéns! Seu consumo está dentro do esperado para o seu perfil. Continue assim.', ""Sua maior fonte de consumo é a categoria 'Climatizacao': Ajuste o ar-condicionado para 23-24°C e evite deixá-lo ligado sem necessidade.""]",1908.83,1431.62,False,63
Moderado,0.59,"['Seu consumo está na média do seu perfil, mas ainda há espaço pra economizar.', ""Sua maior fonte de consumo é a categoria 'Banheiro': Reduza o tempo de banho e evite usar o chuveiro elétrico na potência máxima, especialmente entre 17h30-20h30.""]",3084.54,2313.4,False,64
Moderado,0.82,"['Seu consumo está na média do seu perfil, mas ainda há espaço pra economizar.', ""Sua maior fonte de consumo é a categoria 'Climatizacao': Ajuste o ar-condicionado para 23-24°C e evite deixá-lo ligado sem necessidade.""]",1024.64,768.48,False,65
Ineficiente,0.66,"['Seu consumo está acima do esperado para o seu tipo de imóvel — dá pra economizar bastante.', ""Sua maior fonte de consumo é a categoria 'Iluminacao': Troque lâmpadas convencionais por LED, que consomem bem menos.""]",8959.04,6719.28,True,66
Eficiente,0.54,"['Parabéns! Seu consumo está dentro do esperado para o seu perfil. Continue assim.', ""Sua maior fonte de consumo é a categoria 'Climatizacao': Ajuste o ar-condicionado para 23-24°C e evite deixá-lo ligado sem necessidade.""]",770.26,577.7,False,67
Moderado,0.79,"['Seu consumo está na média do seu perfil, mas ainda há espaço pra economizar.', ""Sua maior fonte de consumo é a categoria 'Banheiro': Reduza o tempo de banho e evite usar o chuveiro elétrico na potência máxima, especialmente entre 17h30-20h30.""]",1665.8,1249.35,False,68
Eficiente,0.95,"['Parabéns! Seu consumo está dentro do esperado para o seu perfil. Continue assim.', ""Sua maior fonte de consumo é a categoria 'Cozinha': Concentre o uso de forno elétrico/airfryer fora do horário de ponta da Light (17h30-20h30).""]",235.03,176.27,False,69
Ineficiente,0.81,"['Seu consumo está acima do esperado para o seu tipo de imóvel — dá pra economizar bastante.', ""Sua maior fonte de consumo é a categoria 'Banheiro': Reduza o tempo de banho e evite usar o chuveiro elétrico na potência máxima, especialmente entre 17h30-20h30.""]",4696.86,3522.65,True,70
Eficiente,0.54,"['Parabéns! Seu consumo está dentro do esperado para o seu perfil. Continue assim.', ""Sua maior fonte de consumo é a categoria 'Cozinha': Concentre o uso de forno elétrico/airfryer fora do horário de ponta da Light (17h30-20h30).""]",1084.92,813.69,False,71
Moderado,0.8,"['Seu consumo está na média do seu perfil, mas ainda há espaço pra economizar.', ""Sua maior fonte de consumo é a categoria 'Banheiro': Reduza o tempo de banho e evite usar o chuveiro elétrico na potência máxima, especialmente entre 17h30-20h30.""]",1831.01,1373.26,False,72
Ineficiente,0.81,"['Seu consumo está acima do esperado para o seu tipo de imóvel — dá pra economizar bastante.', ""Sua maior fonte de consumo é a categoria 'Banheiro': Reduza o tempo de banho e evite usar o chuveiro elétrico na potência máxima, especialmente entre 17h30-20h30.""]",4004.04,3003.03,True,73
Ineficiente,0.78,"['Seu consumo está acima do esperado para o seu tipo de imóvel — dá pra economizar bastante.', ""Sua maior fonte de consumo é a categoria 'Banheiro': Reduza o tempo de banho e evite usar o chuveiro elétrico na potência máxima, especialmente entre 17h30-20h30.""]",2301.63,1726.22,True,74
Ineficiente,0.63,"['Seu consumo está acima do esperado para o seu tipo de imóvel — dá pra economizar bastante.', ""Sua maior fonte de consumo é a categoria 'Industrial': Distribua o uso do maquinário ao longo do dia -- evite concentrar em horário de ponta (17h30-20h30), quando a tarifa é mais alta.""]",9550.92,7163.19,True,75
Ineficiente,0.59,"['Seu consumo está acima do esperado para o seu tipo de imóvel — dá pra economizar bastante.', ""Sua maior fonte de consumo é a categoria 'Banheiro': Reduza o tempo de banho e evite usar o chuveiro elétrico na potência máxima, especialmente entre 17h30-20h30.""]",4261.59,3196.19,True,76
Eficiente,0.71,"['Parabéns! Seu consumo está dentro do esperado para o seu perfil. Continue assim.', ""Sua maior fonte de consumo é a categoria 'Cozinha': Concentre o uso de forno elétrico/airfryer fora do horário de ponta da Light (17h30-20h30).""]",326.16,244.62,False,77
Ineficiente,0.56,"['Seu consumo está acima do esperado para o seu tipo de imóvel — dá pra economizar bastante.', ""Sua maior fonte de consumo é a categoria 'TI': Desligue computadores e servidores quando não estiverem em uso.""]",14359.15,10769.36,True,78
Ineficiente,0.58,"['Seu consumo está acima do esperado para o seu tipo de imóvel — dá pra economizar bastante.', ""Sua maior fonte de consumo é a categoria 'Banheiro': Reduza o tempo de banho e evite usar o chuveiro elétrico na potência máxima, especialmente entre 17h30-20h30.""]",6255.3,4691.47,True,79
Moderado,0.59,"['Seu consumo está na média do seu perfil, mas ainda há espaço pra economizar.', ""Sua maior fonte de consumo é a categoria 'Industrial': Distribua o uso do maquinário ao longo do dia -- evite concentrar em horário de ponta (17h30-20h30), quando a tarifa é mais alta.""]",22342.56,16756.92,False,80
Eficiente,0.82,"['Parabéns! Seu consumo está dentro do esperado para o seu perfil. Continue assim.', ""Sua maior fonte de consumo é a categoria 'Climatizacao': Ajuste o ar-condicionado para 23-24°C e evite deixá-lo ligado sem necessidade.""]",1132.6,849.45,False,81
Moderado,0.78,"['Seu consumo está na média do seu perfil, mas ainda há espaço pra economizar.', ""Sua maior fonte de consumo é a categoria 'Banheiro': Reduza o tempo de banho e evite usar o chuveiro elétrico na potência máxima, especialmente entre 17h30-20h30.""]",2830.5,2122.88,False,82
Moderado,0.77,"['Seu consumo está na média do seu perfil, mas ainda há espaço pra economizar.', ""Sua maior fonte de consumo é a categoria 'Banheiro': Reduza o tempo de banho e evite usar o chuveiro elétrico na potência máxima, especialmente entre 17h30-20h30.""]",2644.52,1983.39,False,83
Eficiente,0.48,"['Parabéns! Seu consumo está dentro do esperado para o seu perfil. Continue assim.', ""Sua maior fonte de consumo é a categoria 'TI': Desligue computadores e servidores quando não estiverem em uso.""]",1586.58,1189.93,False,84
Moderado,0.6,"['Seu consumo está na média do seu perfil, mas ainda há espaço pra economizar.', ""Sua maior fonte de consumo é a categoria 'Industrial': Distribua o uso do maquinário ao longo do dia -- evite concentrar em horário de ponta (17h30-20h30), quando a tarifa é mais alta.""]",16837.92,12628.44,False,85
Moderado,0.56,"['Seu consumo está na média do seu perfil, mas ainda há espaço pra economizar.', ""Sua maior fonte de consumo é a categoria 'Banheiro': Reduza o tempo de banho e evite usar o chuveiro elétrico na potência máxima, especialmente entre 17h30-20h30.""]",1587.39,1190.54,False,86
Moderado,0.54,"['Seu consumo está na média do seu perfil, mas ainda há espaço pra economizar.', ""Sua maior fonte de consumo é a categoria 'Climatizacao': Ajuste o ar-condicionado para 23-24°C e evite deixá-lo ligado sem necessidade.""]",4749.35,3562.01,False,87
Eficiente,0.57,"['Parabéns! Seu consumo está dentro do esperado para o seu perfil. Continue assim.', ""Sua maior fonte de consumo é a categoria 'Cozinha': Concentre o uso de forno elétrico/airfryer fora do horário de ponta da Light (17h30-20h30).""]",1922.25,1441.69,False,88
Moderado,0.61,"['Seu consumo está na média do seu perfil, mas ainda há espaço pra economizar.', ""Sua maior fonte de consumo é a categoria 'TI': Desligue computadores e servidores quando não estiverem em uso.""]",9209.68,6907.26,False,89
Moderado,0.7,"['Seu consumo está na média do seu perfil, mas ainda há espaço pra economizar.', ""Sua maior fonte de consumo é a categoria 'Banheiro': Reduza o tempo de banho e evite usar o chuveiro elétrico na potência máxima, especialmente entre 17h30-20h30.""]",2129.62,1597.22,False,90
Ineficiente,0.65,"['Seu consumo está acima do esperado para o seu tipo de imóvel — dá pra economizar bastante.', ""Sua maior fonte de consumo é a categoria 'Industrial': Distribua o uso do maquinário ao longo do dia -- evite concentrar em horário de ponta (17h30-20h30), quando a tarifa é mais alta.""]",18680.68,14010.51,True,91
Moderado,0.56,"['Seu consumo está na média do seu perfil, mas ainda há espaço pra economizar.', ""Sua maior fonte de consumo é a categoria 'Climatizacao': Ajuste o ar-condicionado para 23-24°C e evite deixá-lo ligado sem necessidade.""]",7050.74,5288.06,False,92
Moderado,0.56,"['Seu consumo está na média do seu perfil, mas ainda há espaço pra economizar.', ""Sua maior fonte de consumo é a categoria 'Climatizacao': Ajuste o ar-condicionado para 23-24°C e evite deixá-lo ligado sem necessidade.""]",9158.01,6868.51,False,93
Moderado,0.55,"['Seu consumo está na média do seu perfil, mas ainda há espaço pra economizar.', ""Sua maior fonte de consumo é a categoria 'Cozinha': Concentre o uso de forno elétrico/airfryer fora do horário de ponta da Light (17h30-20h30).""]",466.32,349.74,False,94
Eficiente,0.81,"['Parabéns! Seu consumo está dentro do esperado para o seu perfil. Continue assim.', ""Sua maior fonte de consumo é a categoria 'Cozinha': Concentre o uso de forno elétrico/airfryer fora do horário de ponta da Light (17h30-20h30).""]",161.32,120.99,False,95
Moderado,0.83,"['Seu consumo está na média do seu perfil, mas ainda há espaço pra economizar.', ""Sua maior fonte de consumo é a categoria 'Banheiro': Reduza o tempo de banho e evite usar o chuveiro elétrico na potência máxima, especialmente entre 17h30-20h30.""]",2128.14,1596.1,False,96
Moderado,0.7,"['Seu consumo está na média do seu perfil, mas ainda há espaço pra economizar.', ""Sua maior fonte de consumo é a categoria 'Cozinha': Concentre o uso de forno elétrico/airfryer fora do horário de ponta da Light (17h30-20h30).""]",1414.21,1060.65,False,97
Moderado,0.66,"['Seu consumo está na média do seu perfil, mas ainda há espaço pra economizar.', ""Sua maior fonte de consumo é a categoria 'Cozinha': Concentre o uso de forno elétrico/airfryer fora do horário de ponta da Light (17h30-20h30).""]",983.29,737.47,False,98
Eficiente,0.75,"['Parabéns! Seu consumo está dentro do esperado para o seu perfil. Continue assim.', ""Sua maior fonte de consumo é a categoria 'Iluminacao': Troque lâmpadas convencionais por LED, que consomem bem menos.""]",3557.24,2667.93,False,99
Ineficiente,0.94,"['Seu consumo está acima do esperado para o seu tipo de imóvel — dá pra economizar bastante.', ""Sua maior fonte de consumo é a categoria 'Banheiro': Reduza o tempo de banho e evite usar o chuveiro elétrico na potência máxima, especialmente entre 17h30-20h30.""]",6446.76,4835.07,True,100
Moderado,0.77,"['Seu consumo está na média do seu perfil, mas ainda há espaço pra economizar.', ""Sua maior fonte de consumo é a categoria 'Cozinha': Concentre o uso de forno elétrico/airfryer fora do horário de ponta da Light (17h30-20h30).""]",1281.69,961.27,False,101
Eficiente,0.75,"['Parabéns! Seu consumo está dentro do esperado para o seu perfil. Continue assim.', ""Sua maior fonte de consumo é a categoria 'TI': Desligue computadores e servidores quando não estiverem em uso.""]",4406.4,3304.8,False,102
Eficiente,0.73,"['Parabéns! Seu consumo está dentro do esperado para o seu perfil. Continue assim.', ""Sua maior fonte de consumo é a categoria 'Climatizacao': Ajuste o ar-condicionado para 23-24°C e evite deixá-lo ligado sem necessidade.""]",3775.96,2831.97,False,103
Moderado,0.55,"['Seu consumo está na média do seu perfil, mas ainda há espaço pra economizar.', ""Sua maior fonte de consumo é a categoria 'Industrial': Distribua o uso do maquinário ao longo do dia -- evite concentrar em horário de ponta (17h30-20h30), quando a tarifa é mais alta.""]",15118.5,11338.88,False,104
Eficiente,0.76,"['Parabéns! Seu consumo está dentro do esperado para o seu perfil. Continue assim.', ""Sua maior fonte de consumo é a categoria 'Climatizacao': Ajuste o ar-condicionado para 23-24°C e evite deixá-lo ligado sem necessidade.""]",8332.56,6249.42,False,105
Ineficiente,0.58,"['Seu consumo está acima do esperado para o seu tipo de imóvel — dá pra economizar bastante.', ""Sua maior fonte de consumo é a categoria 'Banheiro': Reduza o tempo de banho e evite usar o chuveiro elétrico na potência máxima, especialmente entre 17h30-20h30.""]",5215.6,3911.7,True,106
Eficiente,0.64,"['Parabéns! Seu consumo está dentro do esperado para o seu perfil. Continue assim.', ""Sua maior fonte de consumo é a categoria 'Cozinha': Concentre o uso de forno elétrico/airfryer fora do horário de ponta da Light (17h30-20h30).""]",424.53,318.4,False,107
Ineficiente,0.53,"['Seu consumo está acima do esperado para o seu tipo de imóvel — dá pra economizar bastante.', ""Sua maior fonte de consumo é a categoria 'TI': Desligue computadores e servidores quando não estiverem em uso.""]",5721.12,4290.84,True,108
Eficiente,0.84,"['Parabéns! Seu consumo está dentro do esperado para o seu perfil. Continue assim.', ""Sua maior fonte de consumo é a categoria 'TI': Desligue computadores e servidores quando não estiverem em uso.""]",2010.43,1507.83,False,109
Moderado,0.7,"['Seu consumo está na média do seu perfil, mas ainda há espaço pra economizar.', ""Sua maior fonte de consumo é a categoria 'Cozinha': Concentre o uso de forno elétrico/airfryer fora do horário de ponta da Light (17h30-20h30).""]",1407.17,1055.38,False,110
Moderado,0.49,"['Seu consumo está na média do seu perfil, mas ainda há espaço pra economizar.', ""Sua maior fonte de consumo é a categoria 'Iluminacao': Troque lâmpadas convencionais por LED, que consomem bem menos.""]",5679.03,4259.27,False,111
Eficiente,0.59,"['Parabéns! Seu consumo está dentro do esperado para o seu perfil. Continue assim.', ""Sua maior fonte de consumo é a categoria 'Climatizacao': Ajuste o ar-condicionado para 23-24°C e evite deixá-lo ligado sem necessidade.""]",593.61,445.21,False,112
Moderado,0.67,"['Seu consumo está na média do seu perfil, mas ainda há espaço pra economizar.', ""Sua maior fonte de consumo é a categoria 'Cozinha': Concentre o uso de forno elétrico/airfryer fora do horário de ponta da Light (17h30-20h30).""]",1615.03,1211.27,False,113
Eficiente,0.65,"['Parabéns! Seu consumo está dentro do esperado para o seu perfil. Continue assim.', ""Sua maior fonte de consumo é a categoria 'Cozinha': Concentre o uso de forno elétrico/airfryer fora do horário de ponta da Light (17h30-20h30).""]",646.77,485.08,False,114
Moderado,0.77,"['Seu consumo está na média do seu perfil, mas ainda há espaço pra economizar.', ""Sua maior fonte de consumo é a categoria 'Banheiro': Reduza o tempo de banho e evite usar o chuveiro elétrico na potência máxima, especialmente entre 17h30-20h30.""]",1585.8,1189.35,False,115
Ineficiente,0.59,"['Seu consumo está acima do esperado para o seu tipo de imóvel — dá pra economizar bastante.', ""Sua maior fonte de consumo é a categoria 'Banheiro': Reduza o tempo de banho e evite usar o chuveiro elétrico na potência máxima, especialmente entre 17h30-20h30.""]",3128.12,2346.09,True,116
Eficiente,0.76,"['Parabéns! Seu consumo está dentro do esperado para o seu perfil. Continue assim.', ""Sua maior fonte de consumo é a categoria 'TI': Desligue computadores e servidores quando não estiverem em uso.""]",416.04,312.03,False,117
Ineficiente,0.66,"['Seu consumo está acima do esperado para o seu tipo de imóvel — dá pra economizar bastante.', ""Sua maior fonte de consumo é a categoria 'TI': Desligue computadores e servidores quando não estiverem em uso.""]",9296.37,6972.28,True,118
Moderado,0.52,"['Seu consumo está na média do seu perfil, mas ainda há espaço pra economizar.', ""Sua maior fonte de consumo é a categoria 'Cozinha': Concentre o uso de forno elétrico/airfryer fora do horário de ponta da Light (17h30-20h30).""]",1738.54,1303.91,False,119
Moderado,0.72,"['Seu consumo está na média do seu perfil, mas ainda há espaço pra economizar.', ""Sua maior fonte de consumo é a categoria 'Banheiro': Reduza o tempo de banho e evite usar o chuveiro elétrico na potência máxima, especialmente entre 17h30-20h30.""]",1464.93,1098.69,False,120
Eficiente,0.87,"['Parabéns! Seu consumo está dentro do esperado para o seu perfil. Continue assim.', ""Sua maior fonte de consumo é a categoria 'TI': Desligue computadores e servidores quando não estiverem em uso.""]",3576.67,2682.5,False,121
Moderado,0.52,"['Seu consumo está na média do seu perfil, mas ainda há espaço pra economizar.', ""Sua maior fonte de consumo é a categoria 'Industrial': Distribua o uso do maquinário ao longo do dia -- evite concentrar em horário de ponta (17h30-20h30), quando a tarifa é mais alta.""]",11059.04,8294.28,False,122
Moderado,0.54,"['Seu consumo está na média do seu perfil, mas ainda há espaço pra economizar.', ""Sua maior fonte de consumo é a categoria 'Climatizacao': Ajuste o ar-condicionado para 23-24°C e evite deixá-lo ligado sem necessidade.""]",4329.09,3246.82,False,123
Moderado,0.61,"['Seu consumo está na média do seu perfil, mas ainda há espaço pra economizar.', ""Sua maior fonte de consumo é a categoria 'Climatizacao': Ajuste o ar-condicionado para 23-24°C e evite deixá-lo ligado sem necessidade.""]",9036.85,6777.63,False,124
Eficiente,0.89,"['Parabéns! Seu consumo está dentro do esperado para o seu perfil. Continue assim.', ""Sua maior fonte de consumo é a categoria 'Climatizacao': Ajuste o ar-condicionado para 23-24°C e evite deixá-lo ligado sem necessidade.""]",3292.16,2469.12,False,125
Eficiente,0.82,"['Parabéns! Seu consumo está dentro do esperado para o seu perfil. Continue assim.', ""Sua maior fonte de consumo é a categoria 'Cozinha': Concentre o uso de forno elétrico/airfryer fora do horário de ponta da Light (17h30-20h30).""]",177.06,132.8,False,126
Eficiente,0.83,"['Parabéns! Seu consumo está dentro do esperado para o seu perfil. Continue assim.', ""Sua maior fonte de consumo é a categoria 'Entretenimento': Evite deixar TV e videogame em modo standby por longos períodos.""]",80.21,60.16,False,127
Moderado,0.79,"['Seu consumo está na média do seu perfil, mas ainda há espaço pra economizar.', ""Sua maior fonte de consumo é a categoria 'Cozinha': Concentre o uso de forno elétrico/airfryer fora do horário de ponta da Light (17h30-20h30).""]",1586.28,1189.71,False,128
Ineficiente,0.94,"['Seu consumo está acima do esperado para o seu tipo de imóvel — dá pra economizar bastante.', ""Sua maior fonte de consumo é a categoria 'Banheiro': Reduza o tempo de banho e evite usar o chuveiro elétrico na potência máxima, especialmente entre 17h30-20h30.""]",4407.87,3305.9,True,129
Eficiente,0.8,"['Parabéns! Seu consumo está dentro do esperado para o seu perfil. Continue assim.', ""Sua maior fonte de consumo é a categoria 'Cozinha': Concentre o uso de forno elétrico/airfryer fora do horário de ponta da Light (17h30-20h30).""]",563.04,422.28,False,130
Eficiente,0.86,"['Parabéns! Seu consumo está dentro do esperado para o seu perfil. Continue assim.', ""Sua maior fonte de consumo é a categoria 'TI': Desligue computadores e servidores quando não estiverem em uso.""]",2700.86,2025.64,False,131
Eficiente,0.84,"['Parabéns! Seu consumo está dentro do esperado para o seu perfil. Continue assim.', ""Sua maior fonte de consumo é a categoria 'Cozinha': Concentre o uso de forno elétrico/airfryer fora do horário de ponta da Light (17h30-20h30).""]",131.02,98.27,False,132
Moderado,0.66,"['Seu consumo está na média do seu perfil, mas ainda há espaço pra economizar.', ""Sua maior fonte de consumo é a categoria 'Cozinha': Concentre o uso de forno elétrico/airfryer fora do horário de ponta da Light (17h30-20h30).""]",1188.56,891.42,False,133
Eficiente,0.81,"['Parabéns! Seu consumo está dentro do esperado para o seu perfil. Continue assim.', ""Sua maior fonte de consumo é a categoria 'Cozinha': Concentre o uso de forno elétrico/airfryer fora do horário de ponta da Light (17h30-20h30).""]",1674.56,1255.92,False,134
Ineficiente,0.58,"['Seu consumo está acima do esperado para o seu tipo de imóvel — dá pra economizar bastante.', ""Sua maior fonte de consumo é a categoria 'TI': Desligue computadores e servidores quando não estiverem em uso.""]",9560.29,7170.22,True,135
Eficiente,0.8,"['Parabéns! Seu consumo está dentro do esperado para o seu perfil. Continue assim.', ""Sua maior fonte de consumo é a categoria 'Cozinha': Concentre o uso de forno elétrico/airfryer fora do horário de ponta da Light (17h30-20h30).""]",376.8,282.6,False,136
Moderado,0.51,"['Seu consumo está na média do seu perfil, mas ainda há espaço pra economizar.', ""Sua maior fonte de consumo é a categoria 'TI': Desligue computadores e servidores quando não estiverem em uso.""]",7396.46,5547.34,False,137
Moderado,0.68,"['Seu consumo está na média do seu perfil, mas ainda há espaço pra economizar.', ""Sua maior fonte de consumo é a categoria 'Banheiro': Reduza o tempo de banho e evite usar o chuveiro elétrico na potência máxima, especialmente entre 17h30-20h30.""]",4004.14,3003.1,False,138
Moderado,0.54,"['Seu consumo está na média do seu perfil, mas ainda há espaço pra economizar.', ""Sua maior fonte de consumo é a categoria 'Banheiro': Reduza o tempo de banho e evite usar o chuveiro elétrico na potência máxima, especialmente entre 17h30-20h30.""]",2627.29,1970.47,False,139
Moderado,0.72,"['Seu consumo está na média do seu perfil, mas ainda há espaço pra economizar.', ""Sua maior fonte de consumo é a categoria 'Banheiro': Reduza o tempo de banho e evite usar o chuveiro elétrico na potência máxima, especialmente entre 17h30-20h30.""]",3543.62,2657.71,False,140
Eficiente,0.44,"['Parabéns! Seu consumo está dentro do esperado para o seu perfil. Continue assim.', ""Sua maior fonte de consumo é a categoria 'Iluminacao': Troque lâmpadas convencionais por LED, que consomem bem menos.""]",2541.8,1906.35,False,141
Moderado,0.82,"['Seu consumo está na média do seu perfil, mas ainda há espaço pra economizar.', ""Sua maior fonte de consumo é a categoria 'Cozinha': Concentre o uso de forno elétrico/airfryer fora do horário de ponta da Light (17h30-20h30).""]",975.57,731.68,False,142
Moderado,0.47,"['Seu consumo está na média do seu perfil, mas ainda há espaço pra economizar.', ""Sua maior fonte de consumo é a categoria 'TI': Desligue computadores e servidores quando não estiverem em uso.""]",3228.96,2421.72,False,143
Moderado,0.54,"['Seu consumo está na média do seu perfil, mas ainda há espaço pra economizar.', ""Sua maior fonte de consumo é a categoria 'Cozinha': Concentre o uso de forno elétrico/airfryer fora do horário de ponta da Light (17h30-20h30).""]",1923.61,1442.71,False,144
Ineficiente,0.92,"['Seu consumo está acima do esperado para o seu tipo de imóvel — dá pra economizar bastante.', ""Sua maior fonte de consumo é a categoria 'Banheiro': Reduza o tempo de banho e evite usar o chuveiro elétrico na potência máxima, especialmente entre 17h30-20h30.""]",6973.53,5230.15,True,145
Eficiente,0.7,"['Parabéns! Seu consumo está dentro do esperado para o seu perfil. Continue assim.', ""Sua maior fonte de consumo é a categoria 'Climatizacao': Ajuste o ar-condicionado para 23-24°C e evite deixá-lo ligado sem necessidade.""]",4480.68,3360.51,False,146
Eficiente,0.83,"['Parabéns! Seu consumo está dentro do esperado para o seu perfil. Continue assim.', ""Sua maior fonte de consumo é a categoria 'TI': Desligue computadores e servidores quando não estiverem em uso.""]",3399.0,2549.25,False,147
Eficiente,0.91,"['Parabéns! Seu consumo está dentro do esperado para o seu perfil. Continue assim.', ""Sua maior fonte de consumo é a categoria 'TI': Desligue computadores e servidores quando não estiverem em uso.""]",1804.94,1353.7,False,148
Moderado,0.45,"['Seu consumo está na média do seu perfil, mas ainda há espaço pra economizar.', ""Sua maior fonte de consumo é a categoria 'TI': Desligue computadores e servidores quando não estiverem em uso.""]",7054.66,5291.0,False,149
Ineficiente,0.86,"['Seu consumo está acima do esperado para o seu tipo de imóvel — dá pra economizar bastante.', ""Sua maior fonte de consumo é a categoria 'TI': Desligue computadores e servidores quando não estiverem em uso.""]",8888.74,6666.56,True,150
Eficiente,0.78,"['Parabéns! Seu consumo está dentro do esperado para o seu perfil. Continue assim.', ""Sua maior fonte de consumo é a categoria 'TI': Desligue computadores e servidores quando não estiverem em uso.""]",5623.79,4217.84,False,151
Moderado,0.52,"['Seu consumo está na média do seu perfil, mas ainda há espaço pra economizar.', ""Sua maior fonte de consumo é a categoria 'Climatizacao': Ajuste o ar-condicionado para 23-24°C e evite deixá-lo ligado sem necessidade.""]",7973.41,5980.05,False,152
Moderado,0.53,"['Seu consumo está na média do seu perfil, mas ainda há espaço pra economizar.', ""Sua maior fonte de consumo é a categoria 'TI': Desligue computadores e servidores quando não estiverem em uso.""]",8887.68,6665.76,False,153
Eficiente,0.95,"['Parabéns! Seu consumo está dentro do esperado para o seu perfil. Continue assim.', ""Sua maior fonte de consumo é a categoria 'Entretenimento': Evite deixar TV e videogame em modo standby por longos períodos.""]",674.84,506.13,False,154
Ineficiente,0.48,"['Seu consumo está acima do esperado para o seu tipo de imóvel — dá pra economizar bastante.', ""Sua maior fonte de consumo é a categoria 'Iluminacao': Troque lâmpadas convencionais por LED, que consomem bem menos.""]",6496.43,4872.32,True,155
Ineficiente,0.62,"['Seu consumo está acima do esperado para o seu tipo de imóvel — dá pra economizar bastante.', ""Sua maior fonte de consumo é a categoria 'Iluminacao': Troque lâmpadas convencionais por LED, que consomem bem menos.""]",6636.78,4977.59,True,156
Ineficiente,0.58,"['Seu consumo está acima do esperado para o seu tipo de imóvel — dá pra economizar bastante.', ""Sua maior fonte de consumo é a categoria 'Banheiro': Reduza o tempo de banho e evite usar o chuveiro elétrico na potência máxima, especialmente entre 17h30-20h30.""]",5026.65,3769.99,True,157
Eficiente,0.57,"['Parabéns! Seu consumo está dentro do esperado para o seu perfil. Continue assim.', ""Sua maior fonte de consumo é a categoria 'TI': Desligue computadores e servidores quando não estiverem em uso.""]",3938.0,2953.5,False,158
Eficiente,0.84,"['Parabéns! Seu consumo está dentro do esperado para o seu perfil. Continue assim.', ""Sua maior fonte de consumo é a categoria 'Iluminacao': Troque lâmpadas convencionais por LED, que consomem bem menos.""]",1185.56,889.17,False,159
Moderado,0.64,"['Seu consumo está na média do seu perfil, mas ainda há espaço pra economizar.', ""Sua maior fonte de consumo é a categoria 'Banheiro': Reduza o tempo de banho e evite usar o chuveiro elétrico na potência máxima, especialmente entre 17h30-20h30.""]",5185.1,3888.82,False,160
Eficiente,0.97,"['Parabéns! Seu consumo está dentro do esperado para o seu perfil. Continue assim.', ""Sua maior fonte de consumo é a categoria 'TI': Desligue computadores e servidores quando não estiverem em uso.""]",1432.15,1074.11,False,161
Eficiente,0.83,"['Parabéns! Seu consumo está dentro do esperado para o seu perfil. Continue assim.', ""Sua maior fonte de consumo é a categoria 'Cozinha': Concentre o uso de forno elétrico/airfryer fora do horário de ponta da Light (17h30-20h30).""]",1434.74,1076.05,False,162
Moderado,0.69,"['Seu consumo está na média do seu perfil, mas ainda há espaço pra economizar.', ""Sua maior fonte de consumo é a categoria 'Banheiro': Reduza o tempo de banho e evite usar o chuveiro elétrico na potência máxima, especialmente entre 17h30-20h30.""]",4439.32,3329.49,False,163
Eficiente,0.56,"['Parabéns! Seu consumo está dentro do esperado para o seu perfil. Continue assim.', ""Sua maior fonte de consumo é a categoria 'TI': Desligue computadores e servidores quando não estiverem em uso.""]",2234.52,1675.89,False,164
Moderado,0.7,"['Seu consumo está na média do seu perfil, mas ainda há espaço pra economizar.', ""Sua maior fonte de consumo é a categoria 'Banheiro': Reduza o tempo de banho e evite usar o chuveiro elétrico na potência máxima, especialmente entre 17h30-20h30.""]",1966.82,1475.11,False,165
Moderado,0.55,"['Seu consumo está na média do seu perfil, mas ainda há espaço pra economizar.', ""Sua maior fonte de consumo é a categoria 'Iluminacao': Troque lâmpadas convencionais por LED, que consomem bem menos.""]",2593.55,1945.16,False,166
Eficiente,0.5,"['Parabéns! Seu consumo está dentro do esperado para o seu perfil. Continue assim.', ""Sua maior fonte de consumo é a categoria 'Climatizacao': Ajuste o ar-condicionado para 23-24°C e evite deixá-lo ligado sem necessidade.""]",8995.01,6746.26,False,167
Moderado,0.74,"['Seu consumo está na média do seu perfil, mas ainda há espaço pra economizar.', ""Sua maior fonte de consumo é a categoria 'Cozinha': Concentre o uso de forno elétrico/airfryer fora do horário de ponta da Light (17h30-20h30).""]",1908.83,1431.62,False,168
Moderado,0.69,"['Seu consumo está na média do seu perfil, mas ainda há espaço pra economizar.', ""Sua maior fonte de consumo é a categoria 'Cozinha': Concentre o uso de forno elétrico/airfryer fora do horário de ponta da Light (17h30-20h30).""]",1523.86,1142.9,False,169
Moderado,0.64,"['Seu consumo está na média do seu perfil, mas ainda há espaço pra economizar.', ""Sua maior fonte de consumo é a categoria 'Cozinha': Concentre o uso de forno elétrico/airfryer fora do horário de ponta da Light (17h30-20h30).""]",3940.2,2955.15,False,170
Ineficiente,0.55,"['Seu consumo está acima do esperado para o seu tipo de imóvel — dá pra economizar bastante.', ""Sua maior fonte de consumo é a categoria 'TI': Desligue computadores e servidores quando não estiverem em uso.""]",10656.23,7992.17,True,171
Moderado,0.57,"['Seu consumo está na média do seu perfil, mas ainda há espaço pra economizar.', ""Sua maior fonte de consumo é a categoria 'Industrial': Distribua o uso do maquinário ao longo do dia -- evite concentrar em horário de ponta (17h30-20h30), quando a tarifa é mais alta.""]",12916.71,9687.53,False,172
Eficiente,0.8,"['Parabéns! Seu consumo está dentro do esperado para o seu perfil. Continue assim.', ""Sua maior fonte de consumo é a categoria 'Climatizacao': Ajuste o ar-condicionado para 23-24°C e evite deixá-lo ligado sem necessidade.""]",4429.8,3322.35,False,173
Moderado,0.66,"['Seu consumo está na média do seu perfil, mas ainda há espaço pra economizar.', ""Sua maior fonte de consumo é a categoria 'Cozinha': Concentre o uso de forno elétrico/airfryer fora do horário de ponta da Light (17h30-20h30).""]",1022.89,767.17,False,174
Eficiente,0.84,"['Parabéns! Seu consumo está dentro do esperado para o seu perfil. Continue assim.', ""Sua maior fonte de consumo é a categoria 'TI': Desligue computadores e servidores quando não estiverem em uso.""]",1107.34,830.5,False,175
Eficiente,0.61,"['Parabéns! Seu consumo está dentro do esperado para o seu perfil. Continue assim.', ""Sua maior fonte de consumo é a categoria 'Cozinha': Concentre o uso de forno elétrico/airfryer fora do horário de ponta da Light (17h30-20h30).""]",98.1,73.58,False,176
Moderado,0.53,"['Seu consumo está na média do seu perfil, mas ainda há espaço pra economizar.', ""Sua maior fonte de consumo é a categoria 'Climatizacao': Ajuste o ar-condicionado para 23-24°C e evite deixá-lo ligado sem necessidade.""]",4192.49,3144.37,False,177
Moderado,0.72,"['Seu consumo está na média do seu perfil, mas ainda há espaço pra economizar.', ""Sua maior fonte de consumo é a categoria 'Banheiro': Reduza o tempo de banho e evite usar o chuveiro elétrico na potência máxima, especialmente entre 17h30-20h30.""]",2446.53,1834.9,False,178
Eficiente,0.5,"['Parabéns! Seu consumo está dentro do esperado para o seu perfil. Continue assim.', ""Sua maior fonte de consumo é a categoria 'TI': Desligue computadores e servidores quando não estiverem em uso.""]",3131.26,2348.45,False,179
Moderado,0.74,"['Seu consumo está na média do seu perfil, mas ainda há espaço pra economizar.', ""Sua maior fonte de consumo é a categoria 'Cozinha': Concentre o uso de forno elétrico/airfryer fora do horário de ponta da Light (17h30-20h30).""]",1766.28,1324.71,False,180
Moderado,0.59,"['Seu consumo está na média do seu perfil, mas ainda há espaço pra economizar.', ""Sua maior fonte de consumo é a categoria 'TI': Desligue computadores e servidores quando não estiverem em uso.""]",8934.4,6700.8,False,181
Moderado,0.79,"['Seu consumo está na média do seu perfil, mas ainda há espaço pra economizar.', ""Sua maior fonte de consumo é a categoria 'Banheiro': Reduza o tempo de banho e evite usar o chuveiro elétrico na potência máxima, especialmente entre 17h30-20h30.""]",1124.69,843.52,False,182
Eficiente,0.45,"['Parabéns! Seu consumo está dentro do esperado para o seu perfil. Continue assim.', ""Sua maior fonte de consumo é a categoria 'TI': Desligue computadores e servidores quando não estiverem em uso.""]",5648.31,4236.23,False,183
Ineficiente,0.61,"['Seu consumo está acima do esperado para o seu tipo de imóvel — dá pra economizar bastante.', ""Sua maior fonte de consumo é a categoria 'TI': Desligue computadores e servidores quando não estiverem em uso.""]",5039.6,3779.7,True,184
Eficiente,0.58,"['Parabéns! Seu consumo está dentro do esperado para o seu perfil. Continue assim.', ""Sua maior fonte de consumo é a categoria 'Cozinha': Concentre o uso de forno elétrico/airfryer fora do horário de ponta da Light (17h30-20h30).""]",1023.81,767.86,False,185
Ineficiente,0.87,"['Seu consumo está acima do esperado para o seu tipo de imóvel — dá pra economizar bastante.', ""Sua maior fonte de consumo é a categoria 'Industrial': Distribua o uso do maquinário ao longo do dia -- evite concentrar em horário de ponta (17h30-20h30), quando a tarifa é mais alta.""]",25130.4,18847.8,True,186
Moderado,0.54,"['Seu consumo está na média do seu perfil, mas ainda há espaço pra economizar.', ""Sua maior fonte de consumo é a categoria 'TI': Desligue computadores e servidores quando não estiverem em uso.""]",3581.62,2686.22,False,187
Moderado,0.78,"['Seu consumo está na média do seu perfil, mas ainda há espaço pra economizar.', ""Sua maior fonte de consumo é a categoria 'Cozinha': Concentre o uso de forno elétrico/airfryer fora do horário de ponta da Light (17h30-20h30).""]",2802.48,2101.86,False,188
Eficiente,0.84,"['Parabéns! Seu consumo está dentro do esperado para o seu perfil. Continue assim.', ""Sua maior fonte de consumo é a categoria 'Cozinha': Concentre o uso de forno elétrico/airfryer fora do horário de ponta da Light (17h30-20h30).""]",70.36,52.77,False,189
Moderado,0.58,"['Seu consumo está na média do seu perfil, mas ainda há espaço pra economizar.', ""Sua maior fonte de consumo é a categoria 'TI': Desligue computadores e servidores quando não estiverem em uso.""]",8101.09,6075.82,False,190
Moderado,0.78,"['Seu consumo está na média do seu perfil, mas ainda há espaço pra economizar.', ""Sua maior fonte de consumo é a categoria 'Banheiro': Reduza o tempo de banho e evite usar o chuveiro elétrico na potência máxima, especialmente entre 17h30-20h30.""]",3701.88,2776.41,False,191
Eficiente,0.81,"['Parabéns! Seu consumo está dentro do esperado para o seu perfil. Continue assim.', ""Sua maior fonte de consumo é a categoria 'Cozinha': Concentre o uso de forno elétrico/airfryer fora do horário de ponta da Light (17h30-20h30).""]",486.97,365.23,False,192
Moderado,0.73,"['Seu consumo está na média do seu perfil, mas ainda há espaço pra economizar.', ""Sua maior fonte de consumo é a categoria 'Banheiro': Reduza o tempo de banho e evite usar o chuveiro elétrico na potência máxima, especialmente entre 17h30-20h30.""]",1273.42,955.07,False,193
Ineficiente,0.53,"['Seu consumo está acima do esperado para o seu tipo de imóvel — dá pra economizar bastante.', ""Sua maior fonte de consumo é a categoria 'TI': Desligue computadores e servidores quando não estiverem em uso.""]",8221.04,6165.78,True,194
Ineficiente,0.67,"['Seu consumo está acima do esperado para o seu tipo de imóvel — dá pra economizar bastante.', ""Sua maior fonte de consumo é a categoria 'Banheiro': Reduza o tempo de banho e evite usar o chuveiro elétrico na potência máxima, especialmente entre 17h30-20h30.""]",3512.37,2634.28,True,195
Eficiente,0.58,"['Parabéns! Seu consumo está dentro do esperado para o seu perfil. Continue assim.', ""Sua maior fonte de consumo é a categoria 'Climatizacao': Ajuste o ar-condicionado para 23-24°C e evite deixá-lo ligado sem necessidade.""]",3281.54,2461.15,False,196
Moderado,0.49,"['Seu consumo está na média do seu perfil, mas ainda há espaço pra economizar.', ""Sua maior fonte de consumo é a categoria 'Industrial': Distribua o uso do maquinário ao longo do dia -- evite concentrar em horário de ponta (17h30-20h30), quando a tarifa é mais alta.""]",12785.48,9589.11,False,197
Ineficiente,0.85,"['Seu consumo está acima do esperado para o seu tipo de imóvel — dá pra economizar bastante.', ""Sua maior fonte de consumo é a categoria 'Industrial': Distribua o uso do maquinário ao longo do dia -- evite concentrar em horário de ponta (17h30-20h30), quando a tarifa é mais alta.""]",34093.86,25570.39,True,198
Eficiente,0.53,"['Parabéns! Seu consumo está dentro do esperado para o seu perfil. Continue assim.', ""Sua maior fonte de consumo é a categoria 'TI': Desligue computadores e servidores quando não estiverem em uso.""]",5298.14,3973.61,False,199
Eficiente,0.95,"['Parabéns! Seu consumo está dentro do esperado para o seu perfil. Continue assim.', ""Sua maior fonte de consumo é a categoria 'Cozinha': Concentre o uso de forno elétrico/airfryer fora do horário de ponta da Light (17h30-20h30).""]",1128.78,846.58,False,200
Ineficiente,0.48,"['Seu consumo está acima do esperado para o seu tipo de imóvel — dá pra economizar bastante.', ""Sua maior fonte de consumo é a categoria 'TI': Desligue computadores e servidores quando não estiverem em uso.""]",10868.46,8151.34,True,201
Moderado,0.69,"['Seu consumo está na média do seu perfil, mas ainda há espaço pra economizar.', ""Sua maior fonte de consumo é a categoria 'Banheiro': Reduza o tempo de banho e evite usar o chuveiro elétrico na potência máxima, especialmente entre 17h30-20h30.""]",1496.07,1122.05,False,202
Eficiente,0.63,"['Parabéns! Seu consumo está dentro do esperado para o seu perfil. Continue assim.', ""Sua maior fonte de consumo é a categoria 'Cozinha': Concentre o uso de forno elétrico/airfryer fora do horário de ponta da Light (17h30-20h30).""]",96.22,72.17,False,203
Moderado,0.65,"['Seu consumo está na média do seu perfil, mas ainda há espaço pra economizar.', ""Sua maior fonte de consumo é a categoria 'Banheiro': Reduza o tempo de banho e evite usar o chuveiro elétrico na potência máxima, especialmente entre 17h30-20h30.""]",4634.77,3476.08,False,204
Eficiente,0.87,"['Parabéns! Seu consumo está dentro do esperado para o seu perfil. Continue assim.', ""Sua maior fonte de consumo é a categoria 'Cozinha': Concentre o uso de forno elétrico/airfryer fora do horário de ponta da Light (17h30-20h30).""]",543.08,407.31,False,205
Moderado,0.61,"['Seu consumo está na média do seu perfil, mas ainda há espaço pra economizar.', ""Sua maior fonte de consumo é a categoria 'TI': Desligue computadores e servidores quando não estiverem em uso.""]",6326.19,4744.64,False,206
Ineficiente,0.55,"['Seu consumo está acima do esperado para o seu tipo de imóvel — dá pra economizar bastante.', ""Sua maior fonte de consumo é a categoria 'TI': Desligue computadores e servidores quando não estiverem em uso.""]",9918.28,7438.71,True,207
Eficiente,0.76,"['Parabéns! Seu consumo está dentro do esperado para o seu perfil. Continue assim.', ""Sua maior fonte de consumo é a categoria 'Cozinha': Concentre o uso de forno elétrico/airfryer fora do horário de ponta da Light (17h30-20h30).""]",378.15,283.61,False,208
Moderado,0.71,"['Seu consumo está na média do seu perfil, mas ainda há espaço pra economizar.', ""Sua maior fonte de consumo é a categoria 'Banheiro': Reduza o tempo de banho e evite usar o chuveiro elétrico na potência máxima, especialmente entre 17h30-20h30.""]",3706.11,2779.58,False,209
Eficiente,0.61,"['Parabéns! Seu consumo está dentro do esperado para o seu perfil. Continue assim.', ""Sua maior fonte de consumo é a categoria 'TI': Desligue computadores e servidores quando não estiverem em uso.""]",8196.16,6147.12,False,210
Moderado,0.7,"['Seu consumo está na média do seu perfil, mas ainda há espaço pra economizar.', ""Sua maior fonte de consumo é a categoria 'Banheiro': Reduza o tempo de banho e evite usar o chuveiro elétrico na potência máxima, especialmente entre 17h30-20h30.""]",1433.85,1075.39,False,211
Eficiente,0.72,"['Parabéns! Seu consumo está dentro do esperado para o seu perfil. Continue assim.', ""Sua maior fonte de consumo é a categoria 'Climatizacao': Ajuste o ar-condicionado para 23-24°C e evite deixá-lo ligado sem necessidade.""]",625.65,469.24,False,212
Moderado,0.56,"['Seu consumo está na média do seu perfil, mas ainda há espaço pra economizar.', ""Sua maior fonte de consumo é a categoria 'Banheiro': Reduza o tempo de banho e evite usar o chuveiro elétrico na potência máxima, especialmente entre 17h30-20h30.""]",4890.81,3668.11,False,213
Eficiente,0.96,"['Parabéns! Seu consumo está dentro do esperado para o seu perfil. Continue assim.', ""Sua maior fonte de consumo é a categoria 'Climatizacao': Ajuste o ar-condicionado para 23-24°C e evite deixá-lo ligado sem necessidade.""]",1189.8,892.35,False,214
Eficiente,0.74,"['Parabéns! Seu consumo está dentro do esperado para o seu perfil. Continue assim.', ""Sua maior fonte de consumo é a categoria 'Climatizacao': Ajuste o ar-condicionado para 23-24°C e evite deixá-lo ligado sem necessidade.""]",1630.16,1222.62,False,215
Moderado,0.76,"['Seu consumo está na média do seu perfil, mas ainda há espaço pra economizar.', ""Sua maior fonte de consumo é a categoria 'Cozinha': Concentre o uso de forno elétrico/airfryer fora do horário de ponta da Light (17h30-20h30).""]",2878.52,2158.89,False,216
Eficiente,0.52,"['Parabéns! Seu consumo está dentro do esperado para o seu perfil. Continue assim.', ""Sua maior fonte de consumo é a categoria 'Cozinha': Concentre o uso de forno elétrico/airfryer fora do horário de ponta da Light (17h30-20h30).""]",294.86,221.14,False,217
Eficiente,0.73,"['Parabéns! Seu consumo está dentro do esperado para o seu perfil. Continue assim.', ""Sua maior fonte de consumo é a categoria 'TI': Desligue computadores e servidores quando não estiverem em uso.""]",1477.89,1108.42,False,218
Ineficiente,0.46,"['Seu consumo está acima do esperado para o seu tipo de imóvel — dá pra economizar bastante.', ""Sua maior fonte de consumo é a categoria 'Iluminacao': Troque lâmpadas convencionais por LED, que consomem bem menos.""]",5605.02,4203.77,True,219
Moderado,0.6,"['Seu consumo está na média do seu perfil, mas ainda há espaço pra economizar.', ""Sua maior fonte de consumo é a categoria 'Banheiro': Reduza o tempo de banho e evite usar o chuveiro elétrico na potência máxima, especialmente entre 17h30-20h30.""]",1833.03,1374.77,False,220
Eficiente,0.89,"['Parabéns! Seu consumo está dentro do esperado para o seu perfil. Continue assim.', ""Sua maior fonte de consumo é a categoria 'Industrial': Distribua o uso do maquinário ao longo do dia -- evite concentrar em horário de ponta (17h30-20h30), quando a tarifa é mais alta.""]",8493.0,6369.75,False,221
Moderado,0.58,"['Seu consumo está na média do seu perfil, mas ainda há espaço pra economizar.', ""Sua maior fonte de consumo é a categoria 'Cozinha': Concentre o uso de forno elétrico/airfryer fora do horário de ponta da Light (17h30-20h30).""]",2698.01,2023.51,False,222
Moderado,0.64,"['Seu consumo está na média do seu perfil, mas ainda há espaço pra economizar.', ""Sua maior fonte de consumo é a categoria 'Banheiro': Reduza o tempo de banho e evite usar o chuveiro elétrico na potência máxima, especialmente entre 17h30-20h30.""]",5895.23,4421.43,False,223
Eficiente,0.79,"['Parabéns! Seu consumo está dentro do esperado para o seu perfil. Continue assim.', ""Sua maior fonte de consumo é a categoria 'TI': Desligue computadores e servidores quando não estiverem em uso.""]",11887.75,8915.81,False,224
Ineficiente,0.55,"['Seu consumo está acima do esperado para o seu tipo de imóvel — dá pra economizar bastante.', ""Sua maior fonte de consumo é a categoria 'Banheiro': Reduza o tempo de banho e evite usar o chuveiro elétrico na potência máxima, especialmente entre 17h30-20h30.""]",3123.65,2342.74,True,225
Eficiente,0.57,"['Parabéns! Seu consumo está dentro do esperado para o seu perfil. Continue assim.', ""Sua maior fonte de consumo é a categoria 'TI': Desligue computadores e servidores quando não estiverem em uso.""]",5309.56,3982.17,False,226
Moderado,0.66,"['Seu consumo está na média do seu perfil, mas ainda há espaço pra economizar.', ""Sua maior fonte de consumo é a categoria 'Banheiro': Reduza o tempo de banho e evite usar o chuveiro elétrico na potência máxima, especialmente entre 17h30-20h30.""]",1601.3,1200.98,False,227
Eficiente,0.84,"['Parabéns! Seu consumo está dentro do esperado para o seu perfil. Continue assim.', ""Sua maior fonte de consumo é a categoria 'Climatizacao': Ajuste o ar-condicionado para 23-24°C e evite deixá-lo ligado sem necessidade.""]",162.83,122.12,False,228
Eficiente,0.6,"['Parabéns! Seu consumo está dentro do esperado para o seu perfil. Continue assim.', ""Sua maior fonte de consumo é a categoria 'TI': Desligue computadores e servidores quando não estiverem em uso.""]",12025.65,9019.24,False,229
Moderado,0.72,"['Seu consumo está na média do seu perfil, mas ainda há espaço pra economizar.', ""Sua maior fonte de consumo é a categoria 'Banheiro': Reduza o tempo de banho e evite usar o chuveiro elétrico na potência máxima, especialmente entre 17h30-20h30.""]",1726.35,1294.76,False,230
Eficiente,0.72,"['Parabéns! Seu consumo está dentro do esperado para o seu perfil. Continue assim.', ""Sua maior fonte de consumo é a categoria 'Iluminacao': Troque lâmpadas convencionais por LED, que consomem bem menos.""]",2186.78,1640.08,False,231
Eficiente,0.81,"['Parabéns! Seu consumo está dentro do esperado para o seu perfil. Continue assim.', ""Sua maior fonte de consumo é a categoria 'Climatizacao': Ajuste o ar-condicionado para 23-24°C e evite deixá-lo ligado sem necessidade.""]",221.16,165.87,False,232
Eficiente,0.78,"['Parabéns! Seu consumo está dentro do esperado para o seu perfil. Continue assim.', ""Sua maior fonte de consumo é a categoria 'Cozinha': Concentre o uso de forno elétrico/airfryer fora do horário de ponta da Light (17h30-20h30).""]",489.66,367.25,False,233
Moderado,0.78,"['Seu consumo está na média do seu perfil, mas ainda há espaço pra economizar.', ""Sua maior fonte de consumo é a categoria 'Banheiro': Reduza o tempo de banho e evite usar o chuveiro elétrico na potência máxima, especialmente entre 17h30-20h30.""]",2184.6,1638.45,False,234
Eficiente,0.72,"['Parabéns! Seu consumo está dentro do esperado para o seu perfil. Continue assim.', ""Sua maior fonte de consumo é a categoria 'TI': Desligue computadores e servidores quando não estiverem em uso.""]",4023.81,3017.86,False,235
Eficiente,0.82,"['Parabéns! Seu consumo está dentro do esperado para o seu perfil. Continue assim.', ""Sua maior fonte de consumo é a categoria 'Climatizacao': Ajuste o ar-condicionado para 23-24°C e evite deixá-lo ligado sem necessidade.""]",41.54,31.15,False,236
Moderado,0.53,"['Seu consumo está na média do seu perfil, mas ainda há espaço pra economizar.', ""Sua maior fonte de consumo é a categoria 'Iluminacao': Troque lâmpadas convencionais por LED, que consomem bem menos.""]",5630.73,4223.05,False,237
Moderado,0.64,"['Seu consumo está na média do seu perfil, mas ainda há espaço pra economizar.', ""Sua maior fonte de consumo é a categoria 'Entretenimento': Evite deixar TV e videogame em modo standby por longos períodos.""]",1854.22,1390.67,False,238
Ineficiente,0.74,"['Seu consumo está acima do esperado para o seu tipo de imóvel — dá pra economizar bastante.', ""Sua maior fonte de consumo é a categoria 'Industrial': Distribua o uso do maquinário ao longo do dia -- evite concentrar em horário de ponta (17h30-20h30), quando a tarifa é mais alta.""]",28178.1,21133.57,True,239
Moderado,0.71,"['Seu consumo está na média do seu perfil, mas ainda há espaço pra economizar.', ""Sua maior fonte de consumo é a categoria 'Cozinha': Concentre o uso de forno elétrico/airfryer fora do horário de ponta da Light (17h30-20h30).""]",3669.99,2752.49,False,240
Eficiente,0.53,"['Parabéns! Seu consumo está dentro do esperado para o seu perfil. Continue assim.', ""Sua maior fonte de consumo é a categoria 'Climatizacao': Ajuste o ar-condicionado para 23-24°C e evite deixá-lo ligado sem necessidade.""]",7694.94,5771.2,False,241
Moderado,0.49,"['Seu consumo está na média do seu perfil, mas ainda há espaço pra economizar.', ""Sua maior fonte de consumo é a categoria 'Climatizacao': Ajuste o ar-condicionado para 23-24°C e evite deixá-lo ligado sem necessidade.""]",10512.6,7884.45,False,242
Eficiente,0.66,"['Parabéns! Seu consumo está dentro do esperado para o seu perfil. Continue assim.', ""Sua maior fonte de consumo é a categoria 'Iluminacao': Troque lâmpadas convencionais por LED, que consomem bem menos.""]",2946.75,2210.06,False,243
Eficiente,0.75,"['Parabéns! Seu consumo está dentro do esperado para o seu perfil. Continue assim.', ""Sua maior fonte de consumo é a categoria 'Climatizacao': Ajuste o ar-condicionado para 23-24°C e evite deixá-lo ligado sem necessidade.""]",4281.5,3211.12,False,244
Eficiente,0.58,"['Parabéns! Seu consumo está dentro do esperado para o seu perfil. Continue assim.', ""Sua maior fonte de consumo é a categoria 'TI': Desligue computadores e servidores quando não estiverem em uso.""]",2898.47,2173.85,False,245
Moderado,0.55,"['Seu consumo está na média do seu perfil, mas ainda há espaço pra economizar.', ""Sua maior fonte de consumo é a categoria 'Cozinha': Concentre o uso de forno elétrico/airfryer fora do horário de ponta da Light (17h30-20h30).""]",1798.02,1348.52,False,246
Moderado,0.81,"['Seu consumo está na média do seu perfil, mas ainda há espaço pra economizar.', ""Sua maior fonte de consumo é a categoria 'Banheiro': Reduza o tempo de banho e evite usar o chuveiro elétrico na potência máxima, especialmente entre 17h30-20h30.""]",6277.5,4708.13,False,247
Moderado,0.72,"['Seu consumo está na média do seu perfil, mas ainda há espaço pra economizar.', ""Sua maior fonte de consumo é a categoria 'Cozinha': Concentre o uso de forno elétrico/airfryer fora do horário de ponta da Light (17h30-20h30).""]",1191.81,893.86,False,248
Eficiente,0.91,"['Parabéns! Seu consumo está dentro do esperado para o seu perfil. Continue assim.', ""Sua maior fonte de consumo é a categoria 'Industrial': Distribua o uso do maquinário ao longo do dia -- evite concentrar em horário de ponta (17h30-20h30), quando a tarifa é mais alta.""]",7356.0,5517.0,False,249
Moderado,0.54,"['Seu consumo está na média do seu perfil, mas ainda há espaço pra economizar.', ""Sua maior fonte de consumo é a categoria 'Iluminacao': Troque lâmpadas convencionais por LED, que consomem bem menos.""]",5370.44,4027.83,False,250
Moderado,0.49,"['Seu consumo está na média do seu perfil, mas ainda há espaço pra economizar.', ""Sua maior fonte de consumo é a categoria 'TI': Desligue computadores e servidores quando não estiverem em uso.""]",4225.76,3169.32,False,251
Eficiente,0.57,"['Parabéns! Seu consumo está dentro do esperado para o seu perfil. Continue assim.', ""Sua maior fonte de consumo é a categoria 'Cozinha': Concentre o uso de forno elétrico/airfryer fora do horário de ponta da Light (17h30-20h30).""]",1328.4,996.3,False,252
Moderado,0.76,"['Seu consumo está na média do seu perfil, mas ainda há espaço pra economizar.', ""Sua maior fonte de consumo é a categoria 'Banheiro': Reduza o tempo de banho e evite usar o chuveiro elétrico na potência máxima, especialmente entre 17h30-20h30.""]",1571.76,1178.82,False,253
Moderado,0.7,"['Seu consumo está na média do seu perfil, mas ainda há espaço pra economizar.', ""Sua maior fonte de consumo é a categoria 'Banheiro': Reduza o tempo de banho e evite usar o chuveiro elétrico na potência máxima, especialmente entre 17h30-20h30.""]",3705.62,2779.22,False,254
Ineficiente,0.48,"['Seu consumo está acima do esperado para o seu tipo de imóvel — dá pra economizar bastante.', ""Sua maior fonte de consumo é a categoria 'TI': Desligue computadores e servidores quando não estiverem em uso.""]",4953.74,3715.3,True,255
Moderado,0.51,"['Seu consumo está na média do seu perfil, mas ainda há espaço pra economizar.', ""Sua maior fonte de consumo é a categoria 'Cozinha': Concentre o uso de forno elétrico/airfryer fora do horário de ponta da Light (17h30-20h30).""]",601.77,451.33,False,256
Moderado,0.78,"['Seu consumo está na média do seu perfil, mas ainda há espaço pra economizar.', ""Sua maior fonte de consumo é a categoria 'Cozinha': Concentre o uso de forno elétrico/airfryer fora do horário de ponta da Light (17h30-20h30).""]",3122.93,2342.2,False,257
Moderado,0.55,"['Seu consumo está na média do seu perfil, mas ainda há espaço pra economizar.', ""Sua maior fonte de consumo é a categoria 'Banheiro': Reduza o tempo de banho e evite usar o chuveiro elétrico na potência máxima, especialmente entre 17h30-20h30.""]",980.68,735.51,False,258
Moderado,0.81,"['Seu consumo está na média do seu perfil, mas ainda há espaço pra economizar.', ""Sua maior fonte de consumo é a categoria 'Banheiro': Reduza o tempo de banho e evite usar o chuveiro elétrico na potência máxima, especialmente entre 17h30-20h30.""]",4688.56,3516.42,False,259
Moderado,0.77,"['Seu consumo está na média do seu perfil, mas ainda há espaço pra economizar.', ""Sua maior fonte de consumo é a categoria 'Cozinha': Concentre o uso de forno elétrico/airfryer fora do horário de ponta da Light (17h30-20h30).""]",14275.59,10706.69,False,260
Moderado,0.76,"['Seu consumo está na média do seu perfil, mas ainda há espaço pra economizar.', ""Sua maior fonte de consumo é a categoria 'Banheiro': Reduza o tempo de banho e evite usar o chuveiro elétrico na potência máxima, especialmente entre 17h30-20h30.""]",2599.63,1949.73,False,261
Moderado,0.46,"['Seu consumo está na média do seu perfil, mas ainda há espaço pra economizar.', ""Sua maior fonte de consumo é a categoria 'Iluminacao': Troque lâmpadas convencionais por LED, que consomem bem menos.""]",5007.69,3755.77,False,262
Moderado,0.63,"['Seu consumo está na média do seu perfil, mas ainda há espaço pra economizar.', ""Sua maior fonte de consumo é a categoria 'Banheiro': Reduza o tempo de banho e evite usar o chuveiro elétrico na potência máxima, especialmente entre 17h30-20h30.""]",3628.12,2721.09,False,263
Eficiente,0.54,"['Parabéns! Seu consumo está dentro do esperado para o seu perfil. Continue assim.', ""Sua maior fonte de consumo é a categoria 'Cozinha': Concentre o uso de forno elétrico/airfryer fora do horário de ponta da Light (17h30-20h30).""]",661.52,496.14,False,264
Moderado,0.67,"['Seu consumo está na média do seu perfil, mas ainda há espaço pra economizar.', ""Sua maior fonte de consumo é a categoria 'Banheiro': Reduza o tempo de banho e evite usar o chuveiro elétrico na potência máxima, especialmente entre 17h30-20h30.""]",5057.8,3793.35,False,265
Eficiente,0.83,"['Parabéns! Seu consumo está dentro do esperado para o seu perfil. Continue assim.', ""Sua maior fonte de consumo é a categoria 'Cozinha': Concentre o uso de forno elétrico/airfryer fora do horário de ponta da Light (17h30-20h30).""]",492.69,369.52,False,266
Ineficiente,0.89,"['Seu consumo está acima do esperado para o seu tipo de imóvel — dá pra economizar bastante.', ""Sua maior fonte de consumo é a categoria 'Banheiro': Reduza o tempo de banho e evite usar o chuveiro elétrico na potência máxima, especialmente entre 17h30-20h30.""]",4550.51,3412.88,True,267
Moderado,0.84,"['Seu consumo está na média do seu perfil, mas ainda há espaço pra economizar.', ""Sua maior fonte de consumo é a categoria 'Climatizacao': Ajuste o ar-condicionado para 23-24°C e evite deixá-lo ligado sem necessidade.""]",2382.86,1787.15,False,268
Ineficiente,0.43,"['Seu consumo está acima do esperado para o seu tipo de imóvel — dá pra economizar bastante.', ""Sua maior fonte de consumo é a categoria 'TI': Desligue computadores e servidores quando não estiverem em uso.""]",4282.86,3212.14,True,269
Ineficiente,0.6,"['Seu consumo está acima do esperado para o seu tipo de imóvel — dá pra economizar bastante.', ""Sua maior fonte de consumo é a categoria 'Banheiro': Reduza o tempo de banho e evite usar o chuveiro elétrico na potência máxima, especialmente entre 17h30-20h30.""]",7028.85,5271.64,True,270
Eficiente,0.82,"['Parabéns! Seu consumo está dentro do esperado para o seu perfil. Continue assim.', ""Sua maior fonte de consumo é a categoria 'Climatizacao': Ajuste o ar-condicionado para 23-24°C e evite deixá-lo ligado sem necessidade.""]",2932.24,2199.18,False,271
Ineficiente,0.67,"['Seu consumo está acima do esperado para o seu tipo de imóvel — dá pra economizar bastante.', ""Sua maior fonte de consumo é a categoria 'Climatizacao': Ajuste o ar-condicionado para 23-24°C e evite deixá-lo ligado sem necessidade.""]",6349.0,4761.75,True,272
Ineficiente,0.39,"['Seu consumo está acima do esperado para o seu tipo de imóvel — dá pra economizar bastante.', ""Sua maior fonte de consumo é a categoria 'Climatizacao': Ajuste o ar-condicionado para 23-24°C e evite deixá-lo ligado sem necessidade.""]",3077.27,2307.95,True,273
Eficiente,0.83,"['Parabéns! Seu consumo está dentro do esperado para o seu perfil. Continue assim.', ""Sua maior fonte de consumo é a categoria 'Cozinha': Concentre o uso de forno elétrico/airfryer fora do horário de ponta da Light (17h30-20h30).""]",407.11,305.33,False,274
Moderado,0.69,"['Seu consumo está na média do seu perfil, mas ainda há espaço pra economizar.', ""Sua maior fonte de consumo é a categoria 'Banheiro': Reduza o tempo de banho e evite usar o chuveiro elétrico na potência máxima, especialmente entre 17h30-20h30.""]",1415.89,1061.92,False,275
Moderado,0.66,"['Seu consumo está na média do seu perfil, mas ainda há espaço pra economizar.', ""Sua maior fonte de consumo é a categoria 'Banheiro': Reduza o tempo de banho e evite usar o chuveiro elétrico na potência máxima, especialmente entre 17h30-20h30.""]",4872.71,3654.53,False,276
Moderado,0.73,"['Seu consumo está na média do seu perfil, mas ainda há espaço pra economizar.', ""Sua maior fonte de consumo é a categoria 'Banheiro': Reduza o tempo de banho e evite usar o chuveiro elétrico na potência máxima, especialmente entre 17h30-20h30.""]",731.14,548.35,False,277
Ineficiente,0.7,"['Seu consumo está acima do esperado para o seu tipo de imóvel — dá pra economizar bastante.', ""Sua maior fonte de consumo é a categoria 'Industrial': Distribua o uso do maquinário ao longo do dia -- evite concentrar em horário de ponta (17h30-20h30), quando a tarifa é mais alta.""]",21864.7,16398.53,True,278
Moderado,0.49,"['Seu consumo está na média do seu perfil, mas ainda há espaço pra economizar.', ""Sua maior fonte de consumo é a categoria 'Cozinha': Concentre o uso de forno elétrico/airfryer fora do horário de ponta da Light (17h30-20h30).""]",1023.62,767.71,False,279
Moderado,0.77,"['Seu consumo está na média do seu perfil, mas ainda há espaço pra economizar.', ""Sua maior fonte de consumo é a categoria 'Banheiro': Reduza o tempo de banho e evite usar o chuveiro elétrico na potência máxima, especialmente entre 17h30-20h30.""]",4996.17,3747.13,False,280
Moderado,0.48,"['Seu consumo está na média do seu perfil, mas ainda há espaço pra economizar.', ""Sua maior fonte de consumo é a categoria 'Iluminacao': Troque lâmpadas convencionais por LED, que consomem bem menos.""]",3455.03,2591.27,False,281
Ineficiente,0.48,"['Seu consumo está acima do esperado para o seu tipo de imóvel — dá pra economizar bastante.', ""Sua maior fonte de consumo é a categoria 'Climatizacao': Ajuste o ar-condicionado para 23-24°C e evite deixá-lo ligado sem necessidade.""]",6303.66,4727.74,True,282
Eficiente,0.76,"['Parabéns! Seu consumo está dentro do esperado para o seu perfil. Continue assim.', ""Sua maior fonte de consumo é a categoria 'Climatizacao': Ajuste o ar-condicionado para 23-24°C e evite deixá-lo ligado sem necessidade.""]",1694.69,1271.02,False,283
Moderado,0.79,"['Seu consumo está na média do seu perfil, mas ainda há espaço pra economizar.', ""Sua maior fonte de consumo é a categoria 'Banheiro': Reduza o tempo de banho e evite usar o chuveiro elétrico na potência máxima, especialmente entre 17h30-20h30.""]",1833.6,1375.2,False,284
Moderado,0.55,"['Seu consumo está na média do seu perfil, mas ainda há espaço pra economizar.', ""Sua maior fonte de consumo é a categoria 'Banheiro': Reduza o tempo de banho e evite usar o chuveiro elétrico na potência máxima, especialmente entre 17h30-20h30.""]",1624.68,1218.51,False,285
Eficiente,0.71,"['Parabéns! Seu consumo está dentro do esperado para o seu perfil. Continue assim.', ""Sua maior fonte de consumo é a categoria 'Cozinha': Concentre o uso de forno elétrico/airfryer fora do horário de ponta da Light (17h30-20h30).""]",1491.57,1118.68,False,286
Moderado,0.76,"['Seu consumo está na média do seu perfil, mas ainda há espaço pra economizar.', ""Sua maior fonte de consumo é a categoria 'Cozinha': Concentre o uso de forno elétrico/airfryer fora do horário de ponta da Light (17h30-20h30).""]",2434.41,1825.81,False,287
Eficiente,0.63,"['Parabéns! Seu consumo está dentro do esperado para o seu perfil. Continue assim.', ""Sua maior fonte de consumo é a categoria 'Cozinha': Concentre o uso de forno elétrico/airfryer fora do horário de ponta da Light (17h30-20h30).""]",1415.84,1061.88,False,288
Moderado,0.82,"['Seu consumo está na média do seu perfil, mas ainda há espaço pra economizar.', ""Sua maior fonte de consumo é a categoria 'Cozinha': Concentre o uso de forno elétrico/airfryer fora do horário de ponta da Light (17h30-20h30).""]",1822.81,1367.11,False,289
Moderado,0.61,"['Seu consumo está na média do seu perfil, mas ainda há espaço pra economizar.', ""Sua maior fonte de consumo é a categoria 'Cozinha': Concentre o uso de forno elétrico/airfryer fora do horário de ponta da Light (17h30-20h30).""]",2208.41,1656.3,False,290
Eficiente,0.71,"['Parabéns! Seu consumo está dentro do esperado para o seu perfil. Continue assim.', ""Sua maior fonte de consumo é a categoria 'Cozinha': Concentre o uso de forno elétrico/airfryer fora do horário de ponta da Light (17h30-20h30).""]",1039.38,779.54,False,291
Eficiente,0.88,"['Parabéns! Seu consumo está dentro do esperado para o seu perfil. Continue assim.', ""Sua maior fonte de consumo é a categoria 'Entretenimento': Evite deixar TV e videogame em modo standby por longos períodos.""]",168.96,126.72,False,292
Moderado,0.59,"['Seu consumo está na média do seu perfil, mas ainda há espaço pra economizar.', ""Sua maior fonte de consumo é a categoria 'Cozinha': Concentre o uso de forno elétrico/airfryer fora do horário de ponta da Light (17h30-20h30).""]",1516.0,1137.0,False,293
Eficiente,0.91,"['Parabéns! Seu consumo está dentro do esperado para o seu perfil. Continue assim.', ""Sua maior fonte de consumo é a categoria 'TI': Desligue computadores e servidores quando não estiverem em uso.""]",2317.2,1737.9,False,294
Ineficiente,0.8,"['Seu consumo está acima do esperado para o seu tipo de imóvel — dá pra economizar bastante.', ""Sua maior fonte de consumo é a categoria 'Cozinha': Concentre o uso de forno elétrico/airfryer fora do horário de ponta da Light (17h30-20h30).""]",4632.21,3474.16,True,295
Moderado,0.77,"['Seu consumo está na média do seu perfil, mas ainda há espaço pra economizar.', ""Sua maior fonte de consumo é a categoria 'Banheiro': Reduza o tempo de banho e evite usar o chuveiro elétrico na potência máxima, especialmente entre 17h30-20h30.""]",2839.68,2129.76,False,296
Eficiente,0.82,"['Parabéns! Seu consumo está dentro do esperado para o seu perfil. Continue assim.', ""Sua maior fonte de consumo é a categoria 'Climatizacao': Ajuste o ar-condicionado para 23-24°C e evite deixá-lo ligado sem necessidade.""]",1314.42,985.81,False,297
Moderado,0.54,"['Seu consumo está na média do seu perfil, mas ainda há espaço pra economizar.', ""Sua maior fonte de consumo é a categoria 'Banheiro': Reduza o tempo de banho e evite usar o chuveiro elétrico na potência máxima, especialmente entre 17h30-20h30.""]",3133.26,2349.95,False,298
Eficiente,0.49,"['Parabéns! Seu consumo está dentro do esperado para o seu perfil. Continue assim.', ""Sua maior fonte de consumo é a categoria 'Iluminacao': Troque lâmpadas convencionais por LED, que consomem bem menos.""]",3775.81,2831.86,False,299
Moderado,0.5,"['Seu consumo está na média do seu perfil, mas ainda há espaço pra economizar.', ""Sua maior fonte de consumo é a categoria 'Climatizacao': Ajuste o ar-condicionado para 23-24°C e evite deixá-lo ligado sem necessidade.""]",7028.4,5271.3,False,300
Moderado,0.84,"['Seu consumo está na média do seu perfil, mas ainda há espaço pra economizar.', ""Sua maior fonte de consumo é a categoria 'Cozinha': Concentre o uso de forno elétrico/airfryer fora do horário de ponta da Light (17h30-20h30).""]",1857.35,1393.01,False,301
Eficiente,0.84,"['Parabéns! Seu consumo está dentro do esperado para o seu perfil. Continue assim.', ""Sua maior fonte de consumo é a categoria 'TI': Desligue computadores e servidores quando não estiverem em uso.""]",7686.4,5764.8,False,302
Moderado,0.76,"['Seu consumo está na média do seu perfil, mas ainda há espaço pra economizar.', ""Sua maior fonte de consumo é a categoria 'Banheiro': Reduza o tempo de banho e evite usar o chuveiro elétrico na potência máxima, especialmente entre 17h30-20h30.""]",3202.44,2401.83,False,303
Eficiente,0.56,"['Parabéns! Seu consumo está dentro do esperado para o seu perfil. Continue assim.', ""Sua maior fonte de consumo é a categoria 'Cozinha': Concentre o uso de forno elétrico/airfryer fora do horário de ponta da Light (17h30-20h30).""]",1492.74,1119.56,False,304
Eficiente,0.58,"['Parabéns! Seu consumo está dentro do esperado para o seu perfil. Continue assim.', ""Sua maior fonte de consumo é a categoria 'TI': Desligue computadores e servidores quando não estiverem em uso.""]",3517.22,2637.92,False,305
Moderado,0.56,"['Seu consumo está na média do seu perfil, mas ainda há espaço pra economizar.', ""Sua maior fonte de consumo é a categoria 'Iluminacao': Troque lâmpadas convencionais por LED, que consomem bem menos.""]",5295.72,3971.79,False,306
Eficiente,0.56,"['Parabéns! Seu consumo está dentro do esperado para o seu perfil. Continue assim.', ""Sua maior fonte de consumo é a categoria 'Iluminacao': Troque lâmpadas convencionais por LED, que consomem bem menos.""]",2522.41,1891.81,False,307
Moderado,0.47,"['Seu consumo está na média do seu perfil, mas ainda há espaço pra economizar.', ""Sua maior fonte de consumo é a categoria 'Iluminacao': Troque lâmpadas convencionais por LED, que consomem bem menos.""]",2343.22,1757.41,False,308
Moderado,0.57,"['Seu consumo está na média do seu perfil, mas ainda há espaço pra economizar.', ""Sua maior fonte de consumo é a categoria 'Banheiro': Reduza o tempo de banho e evite usar o chuveiro elétrico na potência máxima, especialmente entre 17h30-20h30.""]",1643.39,1232.54,False,309
Ineficiente,0.66,"['Seu consumo está acima do esperado para o seu tipo de imóvel — dá pra economizar bastante.', ""Sua maior fonte de consumo é a categoria 'TI': Desligue computadores e servidores quando não estiverem em uso.""]",9364.67,7023.5,True,310
Eficiente,0.5,"['Parabéns! Seu consumo está dentro do esperado para o seu perfil. Continue assim.', ""Sua maior fonte de consumo é a categoria 'Climatizacao': Ajuste o ar-condicionado para 23-24°C e evite deixá-lo ligado sem necessidade.""]",2273.92,1705.44,False,311
Moderado,0.62,"['Seu consumo está na média do seu perfil, mas ainda há espaço pra economizar.', ""Sua maior fonte de consumo é a categoria 'Climatizacao': Ajuste o ar-condicionado para 23-24°C e evite deixá-lo ligado sem necessidade.""]",5405.64,4054.23,False,312
Moderado,0.84,"['Seu consumo está na média do seu perfil, mas ainda há espaço pra economizar.', ""Sua maior fonte de consumo é a categoria 'Banheiro': Reduza o tempo de banho e evite usar o chuveiro elétrico na potência máxima, especialmente entre 17h30-20h30.""]",3551.31,2663.48,False,313
Eficiente,0.63,"['Parabéns! Seu consumo está dentro do esperado para o seu perfil. Continue assim.', ""Sua maior fonte de consumo é a categoria 'Iluminacao': Troque lâmpadas convencionais por LED, que consomem bem menos.""]",2888.84,2166.63,False,314
Eficiente,0.78,"['Parabéns! Seu consumo está dentro do esperado para o seu perfil. Continue assim.', ""Sua maior fonte de consumo é a categoria 'Cozinha': Concentre o uso de forno elétrico/airfryer fora do horário de ponta da Light (17h30-20h30).""]",596.7,447.52,False,315
Eficiente,0.5,"['Parabéns! Seu consumo está dentro do esperado para o seu perfil. Continue assim.', ""Sua maior fonte de consumo é a categoria 'TI': Desligue computadores e servidores quando não estiverem em uso.""]",3817.95,2863.46,False,316
Eficiente,0.74,"['Parabéns! Seu consumo está dentro do esperado para o seu perfil. Continue assim.', ""Sua maior fonte de consumo é a categoria 'Cozinha': Concentre o uso de forno elétrico/airfryer fora do horário de ponta da Light (17h30-20h30).""]",548.76,411.57,False,317
Ineficiente,0.47,"['Seu consumo está acima do esperado para o seu tipo de imóvel — dá pra economizar bastante.', ""Sua maior fonte de consumo é a categoria 'TI': Desligue computadores e servidores quando não estiverem em uso.""]",4044.01,3033.01,True,318
Moderado,0.55,"['Seu consumo está na média do seu perfil, mas ainda há espaço pra economizar.', ""Sua maior fonte de consumo é a categoria 'Banheiro': Reduza o tempo de banho e evite usar o chuveiro elétrico na potência máxima, especialmente entre 17h30-20h30.""]",275.94,206.95,False,319
Ineficiente,0.55,"['Seu consumo está acima do esperado para o seu tipo de imóvel — dá pra economizar bastante.', ""Sua maior fonte de consumo é a categoria 'Cozinha': Concentre o uso de forno elétrico/airfryer fora do horário de ponta da Light (17h30-20h30).""]",12419.78,9314.84,True,320
Moderado,0.66,"['Seu consumo está na média do seu perfil, mas ainda há espaço pra economizar.', ""Sua maior fonte de consumo é a categoria 'Banheiro': Reduza o tempo de banho e evite usar o chuveiro elétrico na potência máxima, especialmente entre 17h30-20h30.""]",2863.62,2147.72,False,321
Eficiente,0.66,"['Parabéns! Seu consumo está dentro do esperado para o seu perfil. Continue assim.', ""Sua maior fonte de consumo é a categoria 'Climatizacao': Ajuste o ar-condicionado para 23-24°C e evite deixá-lo ligado sem necessidade.""]",784.81,588.61,False,322
Ineficiente,0.48,"['Seu consumo está acima do esperado para o seu tipo de imóvel — dá pra economizar bastante.', ""Sua maior fonte de consumo é a categoria 'TI': Desligue computadores e servidores quando não estiverem em uso.""]",10997.31,8247.98,True,323
Moderado,0.74,"['Seu consumo está na média do seu perfil, mas ainda há espaço pra economizar.', ""Sua maior fonte de consumo é a categoria 'Banheiro': Reduza o tempo de banho e evite usar o chuveiro elétrico na potência máxima, especialmente entre 17h30-20h30.""]",3323.04,2492.28,False,324
Eficiente,0.67,"['Parabéns! Seu consumo está dentro do esperado para o seu perfil. Continue assim.', ""Sua maior fonte de consumo é a categoria 'TI': Desligue computadores e servidores quando não estiverem em uso.""]",7690.4,5767.8,False,325
Ineficiente,0.54,"['Seu consumo está acima do esperado para o seu tipo de imóvel — dá pra economizar bastante.', ""Sua maior fonte de consumo é a categoria 'Banheiro': Reduza o tempo de banho e evite usar o chuveiro elétrico na potência máxima, especialmente entre 17h30-20h30.""]",4356.17,3267.13,True,326
Moderado,0.55,"['Seu consumo está na média do seu perfil, mas ainda há espaço pra economizar.', ""Sua maior fonte de consumo é a categoria 'Cozinha': Concentre o uso de forno elétrico/airfryer fora do horário de ponta da Light (17h30-20h30).""]",1452.12,1089.09,False,327
Eficiente,0.46,"['Parabéns! Seu consumo está dentro do esperado para o seu perfil. Continue assim.', ""Sua maior fonte de consumo é a categoria 'Iluminacao': Troque lâmpadas convencionais por LED, que consomem bem menos.""]",3799.96,2849.97,False,328
Eficiente,0.75,"['Parabéns! Seu consumo está dentro do esperado para o seu perfil. Continue assim.', ""Sua maior fonte de consumo é a categoria 'Climatizacao': Ajuste o ar-condicionado para 23-24°C e evite deixá-lo ligado sem necessidade.""]",5380.8,4035.6,False,329
Moderado,0.74,"['Seu consumo está na média do seu perfil, mas ainda há espaço pra economizar.', ""Sua maior fonte de consumo é a categoria 'Cozinha': Concentre o uso de forno elétrico/airfryer fora do horário de ponta da Light (17h30-20h30).""]",2363.86,1772.9,False,330
Ineficiente,0.51,"['Seu consumo está acima do esperado para o seu tipo de imóvel — dá pra economizar bastante.', ""Sua maior fonte de consumo é a categoria 'Cozinha': Concentre o uso de forno elétrico/airfryer fora do horário de ponta da Light (17h30-20h30).""]",2867.74,2150.81,True,331
Ineficiente,0.48,"['Seu consumo está acima do esperado para o seu tipo de imóvel — dá pra economizar bastante.', ""Sua maior fonte de consumo é a categoria 'TI': Desligue computadores e servidores quando não estiverem em uso.""]",5299.1,3974.33,True,332
Moderado,0.69,"['Seu consumo está na média do seu perfil, mas ainda há espaço pra economizar.', ""Sua maior fonte de consumo é a categoria 'Cozinha': Concentre o uso de forno elétrico/airfryer fora do horário de ponta da Light (17h30-20h30).""]",1594.73,1196.05,False,333
Eficiente,0.73,"['Parabéns! Seu consumo está dentro do esperado para o seu perfil. Continue assim.', ""Sua maior fonte de consumo é a categoria 'Iluminacao': Troque lâmpadas convencionais por LED, que consomem bem menos.""]",3235.18,2426.39,False,334
Eficiente,0.6,"['Parabéns! Seu consumo está dentro do esperado para o seu perfil. Continue assim.', ""Sua maior fonte de consumo é a categoria 'TI': Desligue computadores e servidores quando não estiverem em uso.""]",8959.6,6719.7,False,335
Moderado,0.45,"['Seu consumo está na média do seu perfil, mas ainda há espaço pra economizar.', ""Sua maior fonte de consumo é a categoria 'Iluminacao': Troque lâmpadas convencionais por LED, que consomem bem menos.""]",4651.08,3488.31,False,336
Moderado,0.67,"['Seu consumo está na média do seu perfil, mas ainda há espaço pra economizar.', ""Sua maior fonte de consumo é a categoria 'Cozinha': Concentre o uso de forno elétrico/airfryer fora do horário de ponta da Light (17h30-20h30).""]",1704.96,1278.72,False,337
Moderado,0.52,"['Seu consumo está na média do seu perfil, mas ainda há espaço pra economizar.', ""Sua maior fonte de consumo é a categoria 'Iluminacao': Troque lâmpadas convencionais por LED, que consomem bem menos.""]",5618.97,4214.23,False,338
Moderado,0.78,"['Seu consumo está na média do seu perfil, mas ainda há espaço pra economizar.', ""Sua maior fonte de consumo é a categoria 'Cozinha': Concentre o uso de forno elétrico/airfryer fora do horário de ponta da Light (17h30-20h30).""]",863.32,647.49,False,339
Ineficiente,0.61,"['Seu consumo está acima do esperado para o seu tipo de imóvel — dá pra economizar bastante.', ""Sua maior fonte de consumo é a categoria 'Banheiro': Reduza o tempo de banho e evite usar o chuveiro elétrico na potência máxima, especialmente entre 17h30-20h30.""]",4028.4,3021.3,True,340
Ineficiente,0.65,"['Seu consumo está acima do esperado para o seu tipo de imóvel — dá pra economizar bastante.', ""Sua maior fonte de consumo é a categoria 'Banheiro': Reduza o tempo de banho e evite usar o chuveiro elétrico na potência máxima, especialmente entre 17h30-20h30.""]",36539.42,27404.57,True,341
Moderado,0.77,"['Seu consumo está na média do seu perfil, mas ainda há espaço pra economizar.', ""Sua maior fonte de consumo é a categoria 'Banheiro': Reduza o tempo de banho e evite usar o chuveiro elétrico na potência máxima, especialmente entre 17h30-20h30.""]",2346.2,1759.65,False,342
Eficiente,0.9,"['Parabéns! Seu consumo está dentro do esperado para o seu perfil. Continue assim.', ""Sua maior fonte de consumo é a categoria 'Cozinha': Concentre o uso de forno elétrico/airfryer fora do horário de ponta da Light (17h30-20h30).""]",1521.9,1141.42,False,343
Ineficiente,0.74,"['Seu consumo está acima do esperado para o seu tipo de imóvel — dá pra economizar bastante.', ""Sua maior fonte de consumo é a categoria 'Climatizacao': Ajuste o ar-condicionado para 23-24°C e evite deixá-lo ligado sem necessidade.""]",6703.73,5027.8,True,344
Moderado,0.47,"['Seu consumo está na média do seu perfil, mas ainda há espaço pra economizar.', ""Sua maior fonte de consumo é a categoria 'Climatizacao': Ajuste o ar-condicionado para 23-24°C e evite deixá-lo ligado sem necessidade.""]",3473.1,2604.82,False,345
Eficiente,0.64,"['Parabéns! Seu consumo está dentro do esperado para o seu perfil. Continue assim.', ""Sua maior fonte de consumo é a categoria 'Entretenimento': Evite deixar TV e videogame em modo standby por longos períodos.""]",151.69,113.77,False,346
Moderado,0.8,"['Seu consumo está na média do seu perfil, mas ainda há espaço pra economizar.', ""Sua maior fonte de consumo é a categoria 'Banheiro': Reduza o tempo de banho e evite usar o chuveiro elétrico na potência máxima, especialmente entre 17h30-20h30.""]",1406.07,1054.55,False,347
Eficiente,0.59,"['Parabéns! Seu consumo está dentro do esperado para o seu perfil. Continue assim.', ""Sua maior fonte de consumo é a categoria 'Climatizacao': Ajuste o ar-condicionado para 23-24°C e evite deixá-lo ligado sem necessidade.""]",611.34,458.51,False,348
Eficiente,0.45,"['Parabéns! Seu consumo está dentro do esperado para o seu perfil. Continue assim.', ""Sua maior fonte de consumo é a categoria 'Climatizacao': Ajuste o ar-condicionado para 23-24°C e evite deixá-lo ligado sem necessidade.""]",4625.7,3469.28,False,349
Ineficiente,0.51,"['Seu consumo está acima do esperado para o seu tipo de imóvel — dá pra economizar bastante.', ""Sua maior fonte de consumo é a categoria 'Banheiro': Reduza o tempo de banho e evite usar o chuveiro elétrico na potência máxima, especialmente entre 17h30-20h30.""]",4084.08,3063.06,True,350
Eficiente,0.83,"['Parabéns! Seu consumo está dentro do esperado para o seu perfil. Continue assim.', ""Sua maior fonte de consumo é a categoria 'Climatizacao': Ajuste o ar-condicionado para 23-24°C e evite deixá-lo ligado sem necessidade.""]",1959.19,1469.4,False,351
Eficiente,0.54,"['Parabéns! Seu consumo está dentro do esperado para o seu perfil. Continue assim.', ""Sua maior fonte de consumo é a categoria 'Cozinha': Concentre o uso de forno elétrico/airfryer fora do horário de ponta da Light (17h30-20h30).""]",467.19,350.39,False,352
Moderado,0.78,"['Seu consumo está na média do seu perfil, mas ainda há espaço pra economizar.', ""Sua maior fonte de consumo é a categoria 'Banheiro': Reduza o tempo de banho e evite usar o chuveiro elétrico na potência máxima, especialmente entre 17h30-20h30.""]",2975.25,2231.44,False,353
Moderado,0.48,"['Seu consumo está na média do seu perfil, mas ainda há espaço pra economizar.', ""Sua maior fonte de consumo é a categoria 'TI': Desligue computadores e servidores quando não estiverem em uso.""]",8488.77,6366.57,False,354
Eficiente,0.57,"['Parabéns! Seu consumo está dentro do esperado para o seu perfil. Continue assim.', ""Sua maior fonte de consumo é a categoria 'Climatizacao': Ajuste o ar-condicionado para 23-24°C e evite deixá-lo ligado sem necessidade.""]",1083.85,812.89,False,355
Eficiente,0.87,"['Parabéns! Seu consumo está dentro do esperado para o seu perfil. Continue assim.', ""Sua maior fonte de consumo é a categoria 'Iluminacao': Troque lâmpadas convencionais por LED, que consomem bem menos.""]",3401.81,2551.36,False,356
Eficiente,0.92,"['Parabéns! Seu consumo está dentro do esperado para o seu perfil. Continue assim.', ""Sua maior fonte de consumo é a categoria 'Iluminacao': Troque lâmpadas convencionais por LED, que consomem bem menos.""]",3516.88,2637.66,False,357
Eficiente,0.96,"['Parabéns! Seu consumo está dentro do esperado para o seu perfil. Continue assim.', ""Sua maior fonte de consumo é a categoria 'Climatizacao': Ajuste o ar-condicionado para 23-24°C e evite deixá-lo ligado sem necessidade.""]",461.2,345.9,False,358
Moderado,0.56,"['Seu consumo está na média do seu perfil, mas ainda há espaço pra economizar.', ""Sua maior fonte de consumo é a categoria 'Banheiro': Reduza o tempo de banho e evite usar o chuveiro elétrico na potência máxima, especialmente entre 17h30-20h30.""]",3873.1,2904.82,False,359
Moderado,0.76,"['Seu consumo está na média do seu perfil, mas ainda há espaço pra economizar.', ""Sua maior fonte de consumo é a categoria 'Banheiro': Reduza o tempo de banho e evite usar o chuveiro elétrico na potência máxima, especialmente entre 17h30-20h30.""]",1359.54,1019.66,False,360
Moderado,0.62,"['Seu consumo está na média do seu perfil, mas ainda há espaço pra economizar.', ""Sua maior fonte de consumo é a categoria 'Industrial': Distribua o uso do maquinário ao longo do dia -- evite concentrar em horário de ponta (17h30-20h30), quando a tarifa é mais alta.""]",21962.14,16471.6,False,361
Ineficiente,0.68,"['Seu consumo está acima do esperado para o seu tipo de imóvel — dá pra economizar bastante.', ""Sua maior fonte de consumo é a categoria 'Banheiro': Reduza o tempo de banho e evite usar o chuveiro elétrico na potência máxima, especialmente entre 17h30-20h30.""]",3982.07,2986.55,True,362
Moderado,0.58,"['Seu consumo está na média do seu perfil, mas ainda há espaço pra economizar.', ""Sua maior fonte de consumo é a categoria 'TI': Desligue computadores e servidores quando não estiverem em uso.""]",6564.66,4923.49,False,363
Ineficiente,0.53,"['Seu consumo está acima do esperado para o seu tipo de imóvel — dá pra economizar bastante.', ""Sua maior fonte de consumo é a categoria 'Iluminacao': Troque lâmpadas convencionais por LED, que consomem bem menos.""]",7247.55,5435.66,True,364
Moderado,0.54,"['Seu consumo está na média do seu perfil, mas ainda há espaço pra economizar.', ""Sua maior fonte de consumo é a categoria 'Iluminacao': Troque lâmpadas convencionais por LED, que consomem bem menos.""]",5252.63,3939.47,False,365
Moderado,0.75,"['Seu consumo está na média do seu perfil, mas ainda há espaço pra economizar.', ""Sua maior fonte de consumo é a categoria 'Banheiro': Reduza o tempo de banho e evite usar o chuveiro elétrico na potência máxima, especialmente entre 17h30-20h30.""]",2526.62,1894.96,False,366
Eficiente,0.59,"['Parabéns! Seu consumo está dentro do esperado para o seu perfil. Continue assim.', ""Sua maior fonte de consumo é a categoria 'Climatizacao': Ajuste o ar-condicionado para 23-24°C e evite deixá-lo ligado sem necessidade.""]",1717.99,1288.49,False,367
Ineficiente,0.82,"['Seu consumo está acima do esperado para o seu tipo de imóvel — dá pra economizar bastante.', ""Sua maior fonte de consumo é a categoria 'Industrial': Distribua o uso do maquinário ao longo do dia -- evite concentrar em horário de ponta (17h30-20h30), quando a tarifa é mais alta.""]",39382.8,29537.1,True,368
Moderado,0.8,"['Seu consumo está na média do seu perfil, mas ainda há espaço pra economizar.', ""Sua maior fonte de consumo é a categoria 'Banheiro': Reduza o tempo de banho e evite usar o chuveiro elétrico na potência máxima, especialmente entre 17h30-20h30.""]",1611.74,1208.81,False,369
Ineficiente,0.78,"['Seu consumo está acima do esperado para o seu tipo de imóvel — dá pra economizar bastante.', ""Sua maior fonte de consumo é a categoria 'Banheiro': Reduza o tempo de banho e evite usar o chuveiro elétrico na potência máxima, especialmente entre 17h30-20h30.""]",5065.62,3799.22,True,370
Ineficiente,0.88,"['Seu consumo está acima do esperado para o seu tipo de imóvel — dá pra economizar bastante.', ""Sua maior fonte de consumo é a categoria 'Industrial': Distribua o uso do maquinário ao longo do dia -- evite concentrar em horário de ponta (17h30-20h30), quando a tarifa é mais alta.""]",29693.92,22270.44,True,371
Ineficiente,0.55,"['Seu consumo está acima do esperado para o seu tipo de imóvel — dá pra economizar bastante.', ""Sua maior fonte de consumo é a categoria 'Banheiro': Reduza o tempo de banho e evite usar o chuveiro elétrico na potência máxima, especialmente entre 17h30-20h30.""]",5273.91,3955.43,True,372
Moderado,0.5,"['Seu consumo está na média do seu perfil, mas ainda há espaço pra economizar.', ""Sua maior fonte de consumo é a categoria 'Cozinha': Concentre o uso de forno elétrico/airfryer fora do horário de ponta da Light (17h30-20h30).""]",1580.89,1185.67,False,373
Ineficiente,0.66,"['Seu consumo está acima do esperado para o seu tipo de imóvel — dá pra economizar bastante.', ""Sua maior fonte de consumo é a categoria 'Banheiro': Reduza o tempo de banho e evite usar o chuveiro elétrico na potência máxima, especialmente entre 17h30-20h30.""]",6280.92,4710.69,True,374
Moderado,0.68,"['Seu consumo está na média do seu perfil, mas ainda há espaço pra economizar.', ""Sua maior fonte de consumo é a categoria 'Banheiro': Reduza o tempo de banho e evite usar o chuveiro elétrico na potência máxima, especialmente entre 17h30-20h30.""]",2839.26,2129.45,False,375
Ineficiente,0.85,"['Seu consumo está acima do esperado para o seu tipo de imóvel — dá pra economizar bastante.', ""Sua maior fonte de consumo é a categoria 'Climatizacao': Ajuste o ar-condicionado para 23-24°C e evite deixá-lo ligado sem necessidade.""]",6608.99,4956.75,True,376
Moderado,0.81,"['Seu consumo está na média do seu perfil, mas ainda há espaço pra economizar.', ""Sua maior fonte de consumo é a categoria 'Banheiro': Reduza o tempo de banho e evite usar o chuveiro elétrico na potência máxima, especialmente entre 17h30-20h30.""]",1909.35,1432.01,False,377
Moderado,0.51,"['Seu consumo está na média do seu perfil, mas ainda há espaço pra economizar.', ""Sua maior fonte de consumo é a categoria 'Cozinha': Concentre o uso de forno elétrico/airfryer fora do horário de ponta da Light (17h30-20h30).""]",2627.58,1970.69,False,378
Eficiente,0.95,"['Parabéns! Seu consumo está dentro do esperado para o seu perfil. Continue assim.', ""Sua maior fonte de consumo é a categoria 'Cozinha': Concentre o uso de forno elétrico/airfryer fora do horário de ponta da Light (17h30-20h30).""]",1245.96,934.47,False,379
Moderado,0.73,"['Seu consumo está na média do seu perfil, mas ainda há espaço pra economizar.', ""Sua maior fonte de consumo é a categoria 'Banheiro': Reduza o tempo de banho e evite usar o chuveiro elétrico na potência máxima, especialmente entre 17h30-20h30.""]",3099.64,2324.73,False,380
Moderado,0.59,"['Seu consumo está na média do seu perfil, mas ainda há espaço pra economizar.', ""Sua maior fonte de consumo é a categoria 'Cozinha': Concentre o uso de forno elétrico/airfryer fora do horário de ponta da Light (17h30-20h30).""]",728.94,546.7,False,381
Moderado,0.84,"['Seu consumo está na média do seu perfil, mas ainda há espaço pra economizar.', ""Sua maior fonte de consumo é a categoria 'Banheiro': Reduza o tempo de banho e evite usar o chuveiro elétrico na potência máxima, especialmente entre 17h30-20h30.""]",1969.43,1477.07,False,382
Eficiente,0.74,"['Parabéns! Seu consumo está dentro do esperado para o seu perfil. Continue assim.', ""Sua maior fonte de consumo é a categoria 'Industrial': Distribua o uso do maquinário ao longo do dia -- evite concentrar em horário de ponta (17h30-20h30), quando a tarifa é mais alta.""]",4619.5,3464.62,False,383
Moderado,0.5,"['Seu consumo está na média do seu perfil, mas ainda há espaço pra economizar.', ""Sua maior fonte de consumo é a categoria 'Banheiro': Reduza o tempo de banho e evite usar o chuveiro elétrico na potência máxima, especialmente entre 17h30-20h30.""]",1005.9,754.42,False,384
Eficiente,0.81,"['Parabéns! Seu consumo está dentro do esperado para o seu perfil. Continue assim.', ""Sua maior fonte de consumo é a categoria 'Climatizacao': Ajuste o ar-condicionado para 23-24°C e evite deixá-lo ligado sem necessidade.""]",1781.26,1335.94,False,385
Eficiente,0.52,"['Parabéns! Seu consumo está dentro do esperado para o seu perfil. Continue assim.', ""Sua maior fonte de consumo é a categoria 'Climatizacao': Ajuste o ar-condicionado para 23-24°C e evite deixá-lo ligado sem necessidade.""]",1800.66,1350.5,False,386
Eficiente,0.9,"['Parabéns! Seu consumo está dentro do esperado para o seu perfil. Continue assim.', ""Sua maior fonte de consumo é a categoria 'TI': Desligue computadores e servidores quando não estiverem em uso.""]",3694.41,2770.81,False,387
Ineficiente,0.55,"['Seu consumo está acima do esperado para o seu tipo de imóvel — dá pra economizar bastante.', ""Sua maior fonte de consumo é a categoria 'Banheiro': Reduza o tempo de banho e evite usar o chuveiro elétrico na potência máxima, especialmente entre 17h30-20h30.""]",3861.04,2895.78,True,388
Moderado,0.59,"['Seu consumo está na média do seu perfil, mas ainda há espaço pra economizar.', ""Sua maior fonte de consumo é a categoria 'Industrial': Distribua o uso do maquinário ao longo do dia -- evite concentrar em horário de ponta (17h30-20h30), quando a tarifa é mais alta.""]",18878.78,14159.08,False,389
Moderado,0.73,"['Seu consumo está na média do seu perfil, mas ainda há espaço pra economizar.', ""Sua maior fonte de consumo é a categoria 'Cozinha': Concentre o uso de forno elétrico/airfryer fora do horário de ponta da Light (17h30-20h30).""]",1476.38,1107.28,False,390
Moderado,0.65,"['Seu consumo está na média do seu perfil, mas ainda há espaço pra economizar.', ""Sua maior fonte de consumo é a categoria 'Cozinha': Concentre o uso de forno elétrico/airfryer fora do horário de ponta da Light (17h30-20h30).""]",524.3,393.23,False,391
Moderado,0.81,"['Seu consumo está na média do seu perfil, mas ainda há espaço pra economizar.', ""Sua maior fonte de consumo é a categoria 'Banheiro': Reduza o tempo de banho e evite usar o chuveiro elétrico na potência máxima, especialmente entre 17h30-20h30.""]",1929.71,1447.28,False,392
Moderado,0.74,"['Seu consumo está na média do seu perfil, mas ainda há espaço pra economizar.', ""Sua maior fonte de consumo é a categoria 'Banheiro': Reduza o tempo de banho e evite usar o chuveiro elétrico na potência máxima, especialmente entre 17h30-20h30.""]",1202.28,901.71,False,393
Eficiente,0.59,"['Parabéns! Seu consumo está dentro do esperado para o seu perfil. Continue assim.', ""Sua maior fonte de consumo é a categoria 'Cozinha': Concentre o uso de forno elétrico/airfryer fora do horário de ponta da Light (17h30-20h30).""]",144.87,108.65,False,394
Moderado,0.57,"['Seu consumo está na média do seu perfil, mas ainda há espaço pra economizar.', ""Sua maior fonte de consumo é a categoria 'Banheiro': Reduza o tempo de banho e evite usar o chuveiro elétrico na potência máxima, especialmente entre 17h30-20h30.""]",4360.94,3270.71,False,395
Moderado,0.63,"['Seu consumo está na média do seu perfil, mas ainda há espaço pra economizar.', ""Sua maior fonte de consumo é a categoria 'TI': Desligue computadores e servidores quando não estiverem em uso.""]",2035.34,1526.51,False,396
Moderado,0.64,"['Seu consumo está na média do seu perfil, mas ainda há espaço pra economizar.', ""Sua maior fonte de consumo é a categoria 'Cozinha': Concentre o uso de forno elétrico/airfryer fora do horário de ponta da Light (17h30-20h30).""]",3609.6,2707.2,False,397
Eficiente,0.85,"['Parabéns! Seu consumo está dentro do esperado para o seu perfil. Continue assim.', ""Sua maior fonte de consumo é a categoria 'Cozinha': Concentre o uso de forno elétrico/airfryer fora do horário de ponta da Light (17h30-20h30).""]",184.75,138.56,False,398
Eficiente,0.51,"['Parabéns! Seu consumo está dentro do esperado para o seu perfil. Continue assim.', ""Sua maior fonte de consumo é a categoria 'Climatizacao': Ajuste o ar-condicionado para 23-24°C e evite deixá-lo ligado sem necessidade.""]",6211.48,4658.61,False,399
Moderado,0.45,"['Seu consumo está na média do seu perfil, mas ainda há espaço pra economizar.', ""Sua maior fonte de consumo é a categoria 'Climatizacao': Ajuste o ar-condicionado para 23-24°C e evite deixá-lo ligado sem necessidade.""]",6009.69,4507.27,False,400
Moderado,0.63,"['Seu consumo está na média do seu perfil, mas ainda há espaço pra economizar.', ""Sua maior fonte de consumo é a categoria 'Banheiro': Reduza o tempo de banho e evite usar o chuveiro elétrico na potência máxima, especialmente entre 17h30-20h30.""]",2807.37,2105.53,False,401
Moderado,0.8,"['Seu consumo está na média do seu perfil, mas ainda há espaço pra economizar.', ""Sua maior fonte de consumo é a categoria 'Banheiro': Reduza o tempo de banho e evite usar o chuveiro elétrico na potência máxima, especialmente entre 17h30-20h30.""]",1770.08,1327.56,False,402
Eficiente,0.82,"['Parabéns! Seu consumo está dentro do esperado para o seu perfil. Continue assim.', ""Sua maior fonte de consumo é a categoria 'Banheiro': Reduza o tempo de banho e evite usar o chuveiro elétrico na potência máxima, especialmente entre 17h30-20h30.""]",772.53,579.4,False,403
Moderado,0.55,"['Seu consumo está na média do seu perfil, mas ainda há espaço pra economizar.', ""Sua maior fonte de consumo é a categoria 'Cozinha': Concentre o uso de forno elétrico/airfryer fora do horário de ponta da Light (17h30-20h30).""]",3156.76,2367.57,False,404
Eficiente,0.91,"['Parabéns! Seu consumo está dentro do esperado para o seu perfil. Continue assim.', ""Sua maior fonte de consumo é a categoria 'TI': Desligue computadores e servidores quando não estiverem em uso.""]",985.56,739.17,False,405
Moderado,0.66,"['Seu consumo está na média do seu perfil, mas ainda há espaço pra economizar.', ""Sua maior fonte de consumo é a categoria 'Banheiro': Reduza o tempo de banho e evite usar o chuveiro elétrico na potência máxima, especialmente entre 17h30-20h30.""]",2399.69,1799.77,False,406
Moderado,0.52,"['Seu consumo está na média do seu perfil, mas ainda há espaço pra economizar.', ""Sua maior fonte de consumo é a categoria 'Cozinha': Concentre o uso de forno elétrico/airfryer fora do horário de ponta da Light (17h30-20h30).""]",2610.4,1957.8,False,407
Eficiente,0.64,"['Parabéns! Seu consumo está dentro do esperado para o seu perfil. Continue assim.', ""Sua maior fonte de consumo é a categoria 'TI': Desligue computadores e servidores quando não estiverem em uso.""]",5981.96,4486.47,False,408
Moderado,0.8,"['Seu consumo está na média do seu perfil, mas ainda há espaço pra economizar.', ""Sua maior fonte de consumo é a categoria 'Banheiro': Reduza o tempo de banho e evite usar o chuveiro elétrico na potência máxima, especialmente entre 17h30-20h30.""]",1658.68,1244.01,False,409
Moderado,0.47,"['Seu consumo está na média do seu perfil, mas ainda há espaço pra economizar.', ""Sua maior fonte de consumo é a categoria 'TI': Desligue computadores e servidores quando não estiverem em uso.""]",4417.66,3313.25,False,410
Eficiente,0.71,"['Parabéns! Seu consumo está dentro do esperado para o seu perfil. Continue assim.', ""Sua maior fonte de consumo é a categoria 'Cozinha': Concentre o uso de forno elétrico/airfryer fora do horário de ponta da Light (17h30-20h30).""]",396.32,297.24,False,411
Eficiente,0.52,"['Parabéns! Seu consumo está dentro do esperado para o seu perfil. Continue assim.', ""Sua maior fonte de consumo é a categoria 'Cozinha': Concentre o uso de forno elétrico/airfryer fora do horário de ponta da Light (17h30-20h30).""]",1045.74,784.3,False,412
Eficiente,0.84,"['Parabéns! Seu consumo está dentro do esperado para o seu perfil. Continue assim.', ""Sua maior fonte de consumo é a categoria 'Cozinha': Concentre o uso de forno elétrico/airfryer fora do horário de ponta da Light (17h30-20h30).""]",855.66,641.74,False,413
Moderado,0.54,"['Seu consumo está na média do seu perfil, mas ainda há espaço pra economizar.', ""Sua maior fonte de consumo é a categoria 'Banheiro': Reduza o tempo de banho e evite usar o chuveiro elétrico na potência máxima, especialmente entre 17h30-20h30.""]",3816.02,2862.01,False,414
Eficiente,0.85,"['Parabéns! Seu consumo está dentro do esperado para o seu perfil. Continue assim.', ""Sua maior fonte de consumo é a categoria 'Cozinha': Concentre o uso de forno elétrico/airfryer fora do horário de ponta da Light (17h30-20h30).""]",519.24,389.43,False,415
Moderado,0.62,"['Seu consumo está na média do seu perfil, mas ainda há espaço pra economizar.', ""Sua maior fonte de consumo é a categoria 'Industrial': Distribua o uso do maquinário ao longo do dia -- evite concentrar em horário de ponta (17h30-20h30), quando a tarifa é mais alta.""]",17862.93,13397.2,False,416
Eficiente,0.76,"['Parabéns! Seu consumo está dentro do esperado para o seu perfil. Continue assim.', ""Sua maior fonte de consumo é a categoria 'Cozinha': Concentre o uso de forno elétrico/airfryer fora do horário de ponta da Light (17h30-20h30).""]",893.91,670.43,False,417
Eficiente,0.55,"['Parabéns! Seu consumo está dentro do esperado para o seu perfil. Continue assim.', ""Sua maior fonte de consumo é a categoria 'Banheiro': Reduza o tempo de banho e evite usar o chuveiro elétrico na potência máxima, especialmente entre 17h30-20h30.""]",967.15,725.36,False,418
Moderado,0.82,"['Seu consumo está na média do seu perfil, mas ainda há espaço pra economizar.', ""Sua maior fonte de consumo é a categoria 'Banheiro': Reduza o tempo de banho e evite usar o chuveiro elétrico na potência máxima, especialmente entre 17h30-20h30.""]",3274.02,2455.52,False,419
Eficiente,0.68,"['Parabéns! Seu consumo está dentro do esperado para o seu perfil. Continue assim.', ""Sua maior fonte de consumo é a categoria 'TI': Desligue computadores e servidores quando não estiverem em uso.""]",6157.55,4618.16,False,420
Eficiente,0.8,"['Parabéns! Seu consumo está dentro do esperado para o seu perfil. Continue assim.', ""Sua maior fonte de consumo é a categoria 'Cozinha': Concentre o uso de forno elétrico/airfryer fora do horário de ponta da Light (17h30-20h30).""]",590.7,443.02,False,421
Moderado,0.77,"['Seu consumo está na média do seu perfil, mas ainda há espaço pra economizar.', ""Sua maior fonte de consumo é a categoria 'Cozinha': Concentre o uso de forno elétrico/airfryer fora do horário de ponta da Light (17h30-20h30).""]",1588.62,1191.47,False,422
Moderado,0.77,"['Seu consumo está na média do seu perfil, mas ainda há espaço pra economizar.', ""Sua maior fonte de consumo é a categoria 'Banheiro': Reduza o tempo de banho e evite usar o chuveiro elétrico na potência máxima, especialmente entre 17h30-20h30.""]",2134.8,1601.1,False,423
Eficiente,0.55,"['Parabéns! Seu consumo está dentro do esperado para o seu perfil. Continue assim.', ""Sua maior fonte de consumo é a categoria 'Banheiro': Reduza o tempo de banho e evite usar o chuveiro elétrico na potência máxima, especialmente entre 17h30-20h30.""]",661.77,496.32,False,424
Ineficiente,0.78,"['Seu consumo está acima do esperado para o seu tipo de imóvel — dá pra economizar bastante.', ""Sua maior fonte de consumo é a categoria 'Industrial': Distribua o uso do maquinário ao longo do dia -- evite concentrar em horário de ponta (17h30-20h30), quando a tarifa é mais alta.""]",26767.36,20075.52,True,425
Ineficiente,0.77,"['Seu consumo está acima do esperado para o seu tipo de imóvel — dá pra economizar bastante.', ""Sua maior fonte de consumo é a categoria 'Industrial': Distribua o uso do maquinário ao longo do dia -- evite concentrar em horário de ponta (17h30-20h30), quando a tarifa é mais alta.""]",24489.2,18366.9,True,426
Eficiente,0.66,"['Parabéns! Seu consumo está dentro do esperado para o seu perfil. Continue assim.', ""Sua maior fonte de consumo é a categoria 'Cozinha': Concentre o uso de forno elétrico/airfryer fora do horário de ponta da Light (17h30-20h30).""]",444.3,333.22,False,427
Eficiente,0.91,"['Parabéns! Seu consumo está dentro do esperado para o seu perfil. Continue assim.', ""Sua maior fonte de consumo é a categoria 'Industrial': Distribua o uso do maquinário ao longo do dia -- evite concentrar em horário de ponta (17h30-20h30), quando a tarifa é mais alta.""]",2314.26,1735.7,False,428
Eficiente,0.84,"['Parabéns! Seu consumo está dentro do esperado para o seu perfil. Continue assim.', ""Sua maior fonte de consumo é a categoria 'TI': Desligue computadores e servidores quando não estiverem em uso.""]",5609.17,4206.88,False,429
Moderado,0.49,"['Seu consumo está na média do seu perfil, mas ainda há espaço pra economizar.', ""Sua maior fonte de consumo é a categoria 'TI': Desligue computadores e servidores quando não estiverem em uso.""]",12850.56,9637.92,False,430
Ineficiente,0.84,"['Seu consumo está acima do esperado para o seu tipo de imóvel — dá pra economizar bastante.', ""Sua maior fonte de consumo é a categoria 'Banheiro': Reduza o tempo de banho e evite usar o chuveiro elétrico na potência máxima, especialmente entre 17h30-20h30.""]",4257.88,3193.41,True,431
Eficiente,0.71,"['Parabéns! Seu consumo está dentro do esperado para o seu perfil. Continue assim.', ""Sua maior fonte de consumo é a categoria 'Cozinha': Concentre o uso de forno elétrico/airfryer fora do horário de ponta da Light (17h30-20h30).""]",1599.0,1199.25,False,432
Ineficiente,0.73,"['Seu consumo está acima do esperado para o seu tipo de imóvel — dá pra economizar bastante.', ""Sua maior fonte de consumo é a categoria 'Banheiro': Reduza o tempo de banho e evite usar o chuveiro elétrico na potência máxima, especialmente entre 17h30-20h30.""]",5408.55,4056.41,True,433
Ineficiente,0.65,"['Seu consumo está acima do esperado para o seu tipo de imóvel — dá pra economizar bastante.', ""Sua maior fonte de consumo é a categoria 'TI': Desligue computadores e servidores quando não estiverem em uso.""]",11540.54,8655.41,True,434
Moderado,0.83,"['Seu consumo está na média do seu perfil, mas ainda há espaço pra economizar.', ""Sua maior fonte de consumo é a categoria 'Banheiro': Reduza o tempo de banho e evite usar o chuveiro elétrico na potência máxima, especialmente entre 17h30-20h30.""]",2569.41,1927.06,False,435
Ineficiente,0.61,"['Seu consumo está acima do esperado para o seu tipo de imóvel — dá pra economizar bastante.', ""Sua maior fonte de consumo é a categoria 'Banheiro': Reduza o tempo de banho e evite usar o chuveiro elétrico na potência máxima, especialmente entre 17h30-20h30.""]",4778.67,3584.0,True,436
Eficiente,0.69,"['Parabéns! Seu consumo está dentro do esperado para o seu perfil. Continue assim.', ""Sua maior fonte de consumo é a categoria 'Cozinha': Concentre o uso de forno elétrico/airfryer fora do horário de ponta da Light (17h30-20h30).""]",1257.79,943.35,False,437
Moderado,0.46,"['Seu consumo está na média do seu perfil, mas ainda há espaço pra economizar.', ""Sua maior fonte de consumo é a categoria 'Climatizacao': Ajuste o ar-condicionado para 23-24°C e evite deixá-lo ligado sem necessidade.""]",7368.11,5526.08,False,438
Moderado,0.67,"['Seu consumo está na média do seu perfil, mas ainda há espaço pra economizar.', ""Sua maior fonte de consumo é a categoria 'Banheiro': Reduza o tempo de banho e evite usar o chuveiro elétrico na potência máxima, especialmente entre 17h30-20h30.""]",4236.25,3177.19,False,439
Ineficiente,0.85,"['Seu consumo está acima do esperado para o seu tipo de imóvel — dá pra economizar bastante.', ""Sua maior fonte de consumo é a categoria 'Climatizacao': Ajuste o ar-condicionado para 23-24°C e evite deixá-lo ligado sem necessidade.""]",13103.92,9827.94,True,440
Eficiente,0.71,"['Parabéns! Seu consumo está dentro do esperado para o seu perfil. Continue assim.', ""Sua maior fonte de consumo é a categoria 'Industrial': Distribua o uso do maquinário ao longo do dia -- evite concentrar em horário de ponta (17h30-20h30), quando a tarifa é mais alta.""]",11302.62,8476.96,False,441
Moderado,0.56,"['Seu consumo está na média do seu perfil, mas ainda há espaço pra economizar.', ""Sua maior fonte de consumo é a categoria 'Cozinha': Concentre o uso de forno elétrico/airfryer fora do horário de ponta da Light (17h30-20h30).""]",1096.03,822.02,False,442
Eficiente,0.95,"['Parabéns! Seu consumo está dentro do esperado para o seu perfil. Continue assim.', ""Sua maior fonte de consumo é a categoria 'Climatizacao': Ajuste o ar-condicionado para 23-24°C e evite deixá-lo ligado sem necessidade.""]",1461.76,1096.32,False,443
Eficiente,0.77,"['Parabéns! Seu consumo está dentro do esperado para o seu perfil. Continue assim.', ""Sua maior fonte de consumo é a categoria 'Cozinha': Concentre o uso de forno elétrico/airfryer fora do horário de ponta da Light (17h30-20h30).""]",276.24,207.18,False,444
Moderado,0.59,"['Seu consumo está na média do seu perfil, mas ainda há espaço pra economizar.', ""Sua maior fonte de consumo é a categoria 'TI': Desligue computadores e servidores quando não estiverem em uso.""]",9720.08,7290.06,False,445
Moderado,0.56,"['Seu consumo está na média do seu perfil, mas ainda há espaço pra economizar.', ""Sua maior fonte de consumo é a categoria 'Banheiro': Reduza o tempo de banho e evite usar o chuveiro elétrico na potência máxima, especialmente entre 17h30-20h30.""]",3811.74,2858.8,False,446
Moderado,0.56,"['Seu consumo está na média do seu perfil, mas ainda há espaço pra economizar.', ""Sua maior fonte de consumo é a categoria 'Iluminacao': Troque lâmpadas convencionais por LED, que consomem bem menos.""]",3262.63,2446.97,False,447
Eficiente,0.64,"['Parabéns! Seu consumo está dentro do esperado para o seu perfil. Continue assim.', ""Sua maior fonte de consumo é a categoria 'Cozinha': Concentre o uso de forno elétrico/airfryer fora do horário de ponta da Light (17h30-20h30).""]",1168.78,876.59,False,448
Moderado,0.54,"['Seu consumo está na média do seu perfil, mas ainda há espaço pra economizar.', ""Sua maior fonte de consumo é a categoria 'Industrial': Distribua o uso do maquinário ao longo do dia -- evite concentrar em horário de ponta (17h30-20h30), quando a tarifa é mais alta.""]",16295.46,12221.6,False,449
Eficiente,0.68,"['Parabéns! Seu consumo está dentro do esperado para o seu perfil. Continue assim.', ""Sua maior fonte de consumo é a categoria 'TI': Desligue computadores e servidores quando não estiverem em uso.""]",5742.22,4306.67,False,450
Eficiente,0.72,"['Parabéns! Seu consumo está dentro do esperado para o seu perfil. Continue assim.', ""Sua maior fonte de consumo é a categoria 'Cozinha': Concentre o uso de forno elétrico/airfryer fora do horário de ponta da Light (17h30-20h30).""]",611.28,458.46,False,451
Moderado,0.38,"['Seu consumo está na média do seu perfil, mas ainda há espaço pra economizar.', ""Sua maior fonte de consumo é a categoria 'Climatizacao': Ajuste o ar-condicionado para 23-24°C e evite deixá-lo ligado sem necessidade.""]",3511.1,2633.32,False,452
Moderado,0.52,"['Seu consumo está na média do seu perfil, mas ainda há espaço pra economizar.', ""Sua maior fonte de consumo é a categoria 'Iluminacao': Troque lâmpadas convencionais por LED, que consomem bem menos.""]",3072.04,2304.03,False,453
Moderado,0.54,"['Seu consumo está na média do seu perfil, mas ainda há espaço pra economizar.', ""Sua maior fonte de consumo é a categoria 'Banheiro': Reduza o tempo de banho e evite usar o chuveiro elétrico na potência máxima, especialmente entre 17h30-20h30.""]",1153.71,865.28,False,454
Eficiente,0.69,"['Parabéns! Seu consumo está dentro do esperado para o seu perfil. Continue assim.', ""Sua maior fonte de consumo é a categoria 'Entretenimento': Evite deixar TV e videogame em modo standby por longos períodos.""]",106.8,80.1,False,455
Moderado,0.59,"['Seu consumo está na média do seu perfil, mas ainda há espaço pra economizar.', ""Sua maior fonte de consumo é a categoria 'Industrial': Distribua o uso do maquinário ao longo do dia -- evite concentrar em horário de ponta (17h30-20h30), quando a tarifa é mais alta.""]",19295.2,14471.4,False,456
Ineficiente,0.49,"['Seu consumo está acima do esperado para o seu tipo de imóvel — dá pra economizar bastante.', ""Sua maior fonte de consumo é a categoria 'Cozinha': Concentre o uso de forno elétrico/airfryer fora do horário de ponta da Light (17h30-20h30).""]",3476.36,2607.27,True,457
Ineficiente,0.73,"['Seu consumo está acima do esperado para o seu tipo de imóvel — dá pra economizar bastante.', ""Sua maior fonte de consumo é a categoria 'Iluminacao': Troque lâmpadas convencionais por LED, que consomem bem menos.""]",7161.15,5370.86,True,458
Eficiente,0.55,"['Parabéns! Seu consumo está dentro do esperado para o seu perfil. Continue assim.', ""Sua maior fonte de consumo é a categoria 'Cozinha': Concentre o uso de forno elétrico/airfryer fora do horário de ponta da Light (17h30-20h30).""]",262.3,196.72,False,459
Moderado,0.57,"['Seu consumo está na média do seu perfil, mas ainda há espaço pra economizar.', ""Sua maior fonte de consumo é a categoria 'TI': Desligue computadores e servidores quando não estiverem em uso.""]",6382.43,4786.82,False,460
Eficiente,0.61,"['Parabéns! Seu consumo está dentro do esperado para o seu perfil. Continue assim.', ""Sua maior fonte de consumo é a categoria 'Climatizacao': Ajuste o ar-condicionado para 23-24°C e evite deixá-lo ligado sem necessidade.""]",582.98,437.24,False,461
Moderado,0.49,"['Seu consumo está na média do seu perfil, mas ainda há espaço pra economizar.', ""Sua maior fonte de consumo é a categoria 'TI': Desligue computadores e servidores quando não estiverem em uso.""]",5840.48,4380.36,False,462
Moderado,0.81,"['Seu consumo está na média do seu perfil, mas ainda há espaço pra economizar.', ""Sua maior fonte de consumo é a categoria 'Banheiro': Reduza o tempo de banho e evite usar o chuveiro elétrico na potência máxima, especialmente entre 17h30-20h30.""]",4570.17,3427.63,False,463
Ineficiente,0.72,"['Seu consumo está acima do esperado para o seu tipo de imóvel — dá pra economizar bastante.', ""Sua maior fonte de consumo é a categoria 'Climatizacao': Ajuste o ar-condicionado para 23-24°C e evite deixá-lo ligado sem necessidade.""]",5799.26,4349.44,True,464
Eficiente,0.52,"['Parabéns! Seu consumo está dentro do esperado para o seu perfil. Continue assim.', ""Sua maior fonte de consumo é a categoria 'Industrial': Distribua o uso do maquinário ao longo do dia -- evite concentrar em horário de ponta (17h30-20h30), quando a tarifa é mais alta.""]",18739.44,14054.58,False,465
Eficiente,0.65,"['Parabéns! Seu consumo está dentro do esperado para o seu perfil. Continue assim.', ""Sua maior fonte de consumo é a categoria 'Cozinha': Concentre o uso de forno elétrico/airfryer fora do horário de ponta da Light (17h30-20h30).""]",1313.63,985.22,False,466
Eficiente,0.9,"['Parabéns! Seu consumo está dentro do esperado para o seu perfil. Continue assim.', ""Sua maior fonte de consumo é a categoria 'Climatizacao': Ajuste o ar-condicionado para 23-24°C e evite deixá-lo ligado sem necessidade.""]",4395.16,3296.37,False,467
Moderado,0.65,"['Seu consumo está na média do seu perfil, mas ainda há espaço pra economizar.', ""Sua maior fonte de consumo é a categoria 'Climatizacao': Ajuste o ar-condicionado para 23-24°C e evite deixá-lo ligado sem necessidade.""]",641.56,481.17,False,468
Moderado,0.47,"['Seu consumo está na média do seu perfil, mas ainda há espaço pra economizar.', ""Sua maior fonte de consumo é a categoria 'TI': Desligue computadores e servidores quando não estiverem em uso.""]",7368.54,5526.4,False,469
Moderado,0.46,"['Seu consumo está na média do seu perfil, mas ainda há espaço pra economizar.', ""Sua maior fonte de consumo é a categoria 'Climatizacao': Ajuste o ar-condicionado para 23-24°C e evite deixá-lo ligado sem necessidade.""]",3653.61,2740.21,False,470
Eficiente,0.5,"['Parabéns! Seu consumo está dentro do esperado para o seu perfil. Continue assim.', ""Sua maior fonte de consumo é a categoria 'Climatizacao': Ajuste o ar-condicionado para 23-24°C e evite deixá-lo ligado sem necessidade.""]",678.03,508.52,False,471
Eficiente,0.63,"['Parabéns! Seu consumo está dentro do esperado para o seu perfil. Continue assim.', ""Sua maior fonte de consumo é a categoria 'TI': Desligue computadores e servidores quando não estiverem em uso.""]",4569.55,3427.16,False,472
Moderado,0.44,"['Seu consumo está na média do seu perfil, mas ainda há espaço pra economizar.', ""Sua maior fonte de consumo é a categoria 'TI': Desligue computadores e servidores quando não estiverem em uso.""]",5998.71,4499.03,False,473
Ineficiente,0.59,"['Seu consumo está acima do esperado para o seu tipo de imóvel — dá pra economizar bastante.', ""Sua maior fonte de consumo é a categoria 'Banheiro': Reduza o tempo de banho e evite usar o chuveiro elétrico na potência máxima, especialmente entre 17h30-20h30.""]",2789.71,2092.28,True,474
Moderado,0.73,"['Seu consumo está na média do seu perfil, mas ainda há espaço pra economizar.', ""Sua maior fonte de consumo é a categoria 'Banheiro': Reduza o tempo de banho e evite usar o chuveiro elétrico na potência máxima, especialmente entre 17h30-20h30.""]",5252.96,3939.72,False,475
Moderado,0.54,"['Seu consumo está na média do seu perfil, mas ainda há espaço pra economizar.', ""Sua maior fonte de consumo é a categoria 'TI': Desligue computadores e servidores quando não estiverem em uso.""]",5811.6,4358.7,False,476
Ineficiente,0.64,"['Seu consumo está acima do esperado para o seu tipo de imóvel — dá pra economizar bastante.', ""Sua maior fonte de consumo é a categoria 'TI': Desligue computadores e servidores quando não estiverem em uso.""]",7576.82,5682.61,True,477
Ineficiente,0.71,"['Seu consumo está acima do esperado para o seu tipo de imóvel — dá pra economizar bastante.', ""Sua maior fonte de consumo é a categoria 'Climatizacao': Ajuste o ar-condicionado para 23-24°C e evite deixá-lo ligado sem necessidade.""]",9143.28,6857.46,True,478
Ineficiente,0.74,"['Seu consumo está acima do esperado para o seu tipo de imóvel — dá pra economizar bastante.', ""Sua maior fonte de consumo é a categoria 'Iluminacao': Troque lâmpadas convencionais por LED, que consomem bem menos.""]",20506.02,15379.52,True,479
Eficiente,0.64,"['Parabéns! Seu consumo está dentro do esperado para o seu perfil. Continue assim.', ""Sua maior fonte de consumo é a categoria 'Entretenimento': Evite deixar TV e videogame em modo standby por longos períodos.""]",172.16,129.12,False,480
Ineficiente,0.66,"['Seu consumo está acima do esperado para o seu tipo de imóvel — dá pra economizar bastante.', ""Sua maior fonte de consumo é a categoria 'TI': Desligue computadores e servidores quando não estiverem em uso.""]",7532.32,5649.24,True,481
Moderado,0.77,"['Seu consumo está na média do seu perfil, mas ainda há espaço pra economizar.', ""Sua maior fonte de consumo é a categoria 'Banheiro': Reduza o tempo de banho e evite usar o chuveiro elétrico na potência máxima, especialmente entre 17h30-20h30.""]",1155.89,866.92,False,482
Ineficiente,0.97,"['Seu consumo está acima do esperado para o seu tipo de imóvel — dá pra economizar bastante.', ""Sua maior fonte de consumo é a categoria 'Banheiro': Reduza o tempo de banho e evite usar o chuveiro elétrico na potência máxima, especialmente entre 17h30-20h30.""]",3918.76,2939.07,True,483
Ineficiente,0.83,"['Seu consumo está acima do esperado para o seu tipo de imóvel — dá pra economizar bastante.', ""Sua maior fonte de consumo é a categoria 'Banheiro': Reduza o tempo de banho e evite usar o chuveiro elétrico na potência máxima, especialmente entre 17h30-20h30.""]",3823.53,2867.65,True,484
Moderado,0.55,"['Seu consumo está na média do seu perfil, mas ainda há espaço pra economizar.', ""Sua maior fonte de consumo é a categoria 'Banheiro': Reduza o tempo de banho e evite usar o chuveiro elétrico na potência máxima, especialmente entre 17h30-20h30.""]",3944.96,2958.72,False,485
Ineficiente,0.53,"['Seu consumo está acima do esperado para o seu tipo de imóvel — dá pra economizar bastante.', ""Sua maior fonte de consumo é a categoria 'Banheiro': Reduza o tempo de banho e evite usar o chuveiro elétrico na potência máxima, especialmente entre 17h30-20h30.""]",4578.7,3434.02,True,486
Moderado,0.79,"['Seu consumo está na média do seu perfil, mas ainda há espaço pra economizar.', ""Sua maior fonte de consumo é a categoria 'Banheiro': Reduza o tempo de banho e evite usar o chuveiro elétrico na potência máxima, especialmente entre 17h30-20h30.""]",3917.52,2938.14,False,487
Moderado,0.59,"['Seu consumo está na média do seu perfil, mas ainda há espaço pra economizar.', ""Sua maior fonte de consumo é a categoria 'TI': Desligue computadores e servidores quando não estiverem em uso.""]",4796.47,3597.35,False,488
Moderado,0.83,"['Seu consumo está na média do seu perfil, mas ainda há espaço pra economizar.', ""Sua maior fonte de consumo é a categoria 'Climatizacao': Ajuste o ar-condicionado para 23-24°C e evite deixá-lo ligado sem necessidade.""]",1244.39,933.29,False,489
Moderado,0.67,"['Seu consumo está na média do seu perfil, mas ainda há espaço pra economizar.', ""Sua maior fonte de consumo é a categoria 'Banheiro': Reduza o tempo de banho e evite usar o chuveiro elétrico na potência máxima, especialmente entre 17h30-20h30.""]",2758.63,2068.97,False,490
Moderado,0.79,"['Seu consumo está na média do seu perfil, mas ainda há espaço pra economizar.', ""Sua maior fonte de consumo é a categoria 'Banheiro': Reduza o tempo de banho e evite usar o chuveiro elétrico na potência máxima, especialmente entre 17h30-20h30.""]",3919.84,2939.88,False,491
Ineficiente,0.86,"['Seu consumo está acima do esperado para o seu tipo de imóvel — dá pra economizar bastante.', ""Sua maior fonte de consumo é a categoria 'Banheiro': Reduza o tempo de banho e evite usar o chuveiro elétrico na potência máxima, especialmente entre 17h30-20h30.""]",3311.97,2483.98,True,492
Eficiente,0.84,"['Parabéns! Seu consumo está dentro do esperado para o seu perfil. Continue assim.', ""Sua maior fonte de consumo é a categoria 'Cozinha': Concentre o uso de forno elétrico/airfryer fora do horário de ponta da Light (17h30-20h30).""]",421.89,316.42,False,493
Moderado,0.64,"['Seu consumo está na média do seu perfil, mas ainda há espaço pra economizar.', ""Sua maior fonte de consumo é a categoria 'Banheiro': Reduza o tempo de banho e evite usar o chuveiro elétrico na potência máxima, especialmente entre 17h30-20h30.""]",1403.3,1052.47,False,494
Eficiente,0.46,"['Parabéns! Seu consumo está dentro do esperado para o seu perfil. Continue assim.', ""Sua maior fonte de consumo é a categoria 'Iluminacao': Troque lâmpadas convencionais por LED, que consomem bem menos.""]",2962.56,2221.92,False,495
Eficiente,0.72,"['Parabéns! Seu consumo está dentro do esperado para o seu perfil. Continue assim.', ""Sua maior fonte de consumo é a categoria 'TI': Desligue computadores e servidores quando não estiverem em uso.""]",4073.1,3054.82,False,496
Moderado,0.55,"['Seu consumo está na média do seu perfil, mas ainda há espaço pra economizar.', ""Sua maior fonte de consumo é a categoria 'Climatizacao': Ajuste o ar-condicionado para 23-24°C e evite deixá-lo ligado sem necessidade.""]",2106.74,1580.05,False,497
Eficiente,0.84,"['Parabéns! Seu consumo está dentro do esperado para o seu perfil. Continue assim.', ""Sua maior fonte de consumo é a categoria 'Cozinha': Concentre o uso de forno elétrico/airfryer fora do horário de ponta da Light (17h30-20h30).""]",143.59,107.69,False,498
Moderado,0.56,"['Seu consumo está na média do seu perfil, mas ainda há espaço pra economizar.', ""Sua maior fonte de consumo é a categoria 'Cozinha': Concentre o uso de forno elétrico/airfryer fora do horário de ponta da Light (17h30-20h30).""]",967.78,725.84,False,499
Eficiente,0.71,"['Parabéns! Seu consumo está dentro do esperado para o seu perfil. Continue assim.', ""Sua maior fonte de consumo é a categoria 'Climatizacao': Ajuste o ar-condicionado para 23-24°C e evite deixá-lo ligado sem necessidade.""]",3753.98,2815.49,False,500
Moderado,0.59,"['Seu consumo está na média do seu perfil, mas ainda há espaço pra economizar.', ""Sua maior fonte de consumo é a categoria 'Climatizacao': Ajuste o ar-condicionado para 23-24°C e evite deixá-lo ligado sem necessidade.""]",619.37,464.53,False,501
Ineficiente,0.79,"['Seu consumo está acima do esperado para o seu tipo de imóvel — dá pra economizar bastante.', ""Sua maior fonte de consumo é a categoria 'Banheiro': Reduza o tempo de banho e evite usar o chuveiro elétrico na potência máxima, especialmente entre 17h30-20h30.""]",5056.34,3792.26,True,502
Moderado,0.54,"['Seu consumo está na média do seu perfil, mas ainda há espaço pra economizar.', ""Sua maior fonte de consumo é a categoria 'Cozinha': Concentre o uso de forno elétrico/airfryer fora do horário de ponta da Light (17h30-20h30).""]",885.93,664.45,False,503
Moderado,0.78,"['Seu consumo está na média do seu perfil, mas ainda há espaço pra economizar.', ""Sua maior fonte de consumo é a categoria 'Cozinha': Concentre o uso de forno elétrico/airfryer fora do horário de ponta da Light (17h30-20h30).""]",1812.06,1359.05,False,504
Ineficiente,0.63,"['Seu consumo está acima do esperado para o seu tipo de imóvel — dá pra economizar bastante.', ""Sua maior fonte de consumo é a categoria 'Banheiro': Reduza o tempo de banho e evite usar o chuveiro elétrico na potência máxima, especialmente entre 17h30-20h30.""]",4898.07,3673.55,True,505
Moderado,0.52,"['Seu consumo está na média do seu perfil, mas ainda há espaço pra economizar.', ""Sua maior fonte de consumo é a categoria 'Banheiro': Reduza o tempo de banho e evite usar o chuveiro elétrico na potência máxima, especialmente entre 17h30-20h30.""]",1976.95,1482.71,False,506
Eficiente,0.78,"['Parabéns! Seu consumo está dentro do esperado para o seu perfil. Continue assim.', ""Sua maior fonte de consumo é a categoria 'Cozinha': Concentre o uso de forno elétrico/airfryer fora do horário de ponta da Light (17h30-20h30).""]",869.76,652.32,False,507
Eficiente,0.87,"['Parabéns! Seu consumo está dentro do esperado para o seu perfil. Continue assim.', ""Sua maior fonte de consumo é a categoria 'Cozinha': Concentre o uso de forno elétrico/airfryer fora do horário de ponta da Light (17h30-20h30).""]",103.46,77.6,False,508
Moderado,0.51,"['Seu consumo está na média do seu perfil, mas ainda há espaço pra economizar.', ""Sua maior fonte de consumo é a categoria 'Climatizacao': Ajuste o ar-condicionado para 23-24°C e evite deixá-lo ligado sem necessidade.""]",6868.5,5151.38,False,509
Eficiente,0.57,"['Parabéns! Seu consumo está dentro do esperado para o seu perfil. Continue assim.', ""Sua maior fonte de consumo é a categoria 'Climatizacao': Ajuste o ar-condicionado para 23-24°C e evite deixá-lo ligado sem necessidade.""]",6421.77,4816.33,False,510
Moderado,0.49,"['Seu consumo está na média do seu perfil, mas ainda há espaço pra economizar.', ""Sua maior fonte de consumo é a categoria 'TI': Desligue computadores e servidores quando não estiverem em uso.""]",6299.47,4724.6,False,511
Eficiente,0.54,"['Parabéns! Seu consumo está dentro do esperado para o seu perfil. Continue assim.', ""Sua maior fonte de consumo é a categoria 'TI': Desligue computadores e servidores quando não estiverem em uso.""]",2379.0,1784.25,False,512
Ineficiente,0.78,"['Seu consumo está acima do esperado para o seu tipo de imóvel — dá pra economizar bastante.', ""Sua maior fonte de consumo é a categoria 'Industrial': Distribua o uso do maquinário ao longo do dia -- evite concentrar em horário de ponta (17h30-20h30), quando a tarifa é mais alta.""]",19222.0,14416.5,True,513
Moderado,0.81,"['Seu consumo está na média do seu perfil, mas ainda há espaço pra economizar.', ""Sua maior fonte de consumo é a categoria 'Cozinha': Concentre o uso de forno elétrico/airfryer fora do horário de ponta da Light (17h30-20h30).""]",2033.28,1524.96,False,514
Moderado,0.8,"['Seu consumo está na média do seu perfil, mas ainda há espaço pra economizar.', ""Sua maior fonte de consumo é a categoria 'Cozinha': Concentre o uso de forno elétrico/airfryer fora do horário de ponta da Light (17h30-20h30).""]",2309.27,1731.95,False,515
Moderado,0.57,"['Seu consumo está na média do seu perfil, mas ainda há espaço pra economizar.', ""Sua maior fonte de consumo é a categoria 'Cozinha': Concentre o uso de forno elétrico/airfryer fora do horário de ponta da Light (17h30-20h30).""]",490.89,368.17,False,516
Moderado,0.44,"['Seu consumo está na média do seu perfil, mas ainda há espaço pra economizar.', ""Sua maior fonte de consumo é a categoria 'Iluminacao': Troque lâmpadas convencionais por LED, que consomem bem menos.""]",2726.82,2045.12,False,517
Ineficiente,0.88,"['Seu consumo está acima do esperado para o seu tipo de imóvel — dá pra economizar bastante.', ""Sua maior fonte de consumo é a categoria 'Climatizacao': Ajuste o ar-condicionado para 23-24°C e evite deixá-lo ligado sem necessidade.""]",12032.47,9024.35,True,518
Eficiente,0.72,"['Parabéns! Seu consumo está dentro do esperado para o seu perfil. Continue assim.', ""Sua maior fonte de consumo é a categoria 'Cozinha': Concentre o uso de forno elétrico/airfryer fora do horário de ponta da Light (17h30-20h30).""]",562.71,422.03,False,519
Eficiente,0.81,"['Parabéns! Seu consumo está dentro do esperado para o seu perfil. Continue assim.', ""Sua maior fonte de consumo é a categoria 'TI': Desligue computadores e servidores quando não estiverem em uso.""]",5432.06,4074.04,False,520
Eficiente,0.8,"['Parabéns! Seu consumo está dentro do esperado para o seu perfil. Continue assim.', ""Sua maior fonte de consumo é a categoria 'Cozinha': Concentre o uso de forno elétrico/airfryer fora do horário de ponta da Light (17h30-20h30).""]",201.13,150.85,False,521
Eficiente,0.85,"['Parabéns! Seu consumo está dentro do esperado para o seu perfil. Continue assim.', ""Sua maior fonte de consumo é a categoria 'Iluminacao': Troque lâmpadas convencionais por LED, que consomem bem menos.""]",3008.55,2256.41,False,522
Moderado,0.51,"['Seu consumo está na média do seu perfil, mas ainda há espaço pra economizar.', ""Sua maior fonte de consumo é a categoria 'Banheiro': Reduza o tempo de banho e evite usar o chuveiro elétrico na potência máxima, especialmente entre 17h30-20h30.""]",1841.07,1380.8,False,523
Moderado,0.5,"['Seu consumo está na média do seu perfil, mas ainda há espaço pra economizar.', ""Sua maior fonte de consumo é a categoria 'Cozinha': Concentre o uso de forno elétrico/airfryer fora do horário de ponta da Light (17h30-20h30).""]",1789.72,1342.29,False,524
Moderado,0.72,"['Seu consumo está na média do seu perfil, mas ainda há espaço pra economizar.', ""Sua maior fonte de consumo é a categoria 'Banheiro': Reduza o tempo de banho e evite usar o chuveiro elétrico na potência máxima, especialmente entre 17h30-20h30.""]",2309.1,1731.82,False,525
Moderado,0.71,"['Seu consumo está na média do seu perfil, mas ainda há espaço pra economizar.', ""Sua maior fonte de consumo é a categoria 'Cozinha': Concentre o uso de forno elétrico/airfryer fora do horário de ponta da Light (17h30-20h30).""]",1730.38,1297.79,False,526
Eficiente,0.75,"['Parabéns! Seu consumo está dentro do esperado para o seu perfil. Continue assim.', ""Sua maior fonte de consumo é a categoria 'TI': Desligue computadores e servidores quando não estiverem em uso.""]",237.42,178.06,False,527
Moderado,0.81,"['Seu consumo está na média do seu perfil, mas ainda há espaço pra economizar.', ""Sua maior fonte de consumo é a categoria 'Cozinha': Concentre o uso de forno elétrico/airfryer fora do horário de ponta da Light (17h30-20h30).""]",1549.08,1161.81,False,528
Moderado,0.49,"['Seu consumo está na média do seu perfil, mas ainda há espaço pra economizar.', ""Sua maior fonte de consumo é a categoria 'Climatizacao': Ajuste o ar-condicionado para 23-24°C e evite deixá-lo ligado sem necessidade.""]",4076.42,3057.32,False,529
Moderado,0.82,"['Seu consumo está na média do seu perfil, mas ainda há espaço pra economizar.', ""Sua maior fonte de consumo é a categoria 'Banheiro': Reduza o tempo de banho e evite usar o chuveiro elétrico na potência máxima, especialmente entre 17h30-20h30.""]",3847.26,2885.44,False,530
Moderado,0.7,"['Seu consumo está na média do seu perfil, mas ainda há espaço pra economizar.', ""Sua maior fonte de consumo é a categoria 'Banheiro': Reduza o tempo de banho e evite usar o chuveiro elétrico na potência máxima, especialmente entre 17h30-20h30.""]",2817.01,2112.76,False,531
Moderado,0.45,"['Seu consumo está na média do seu perfil, mas ainda há espaço pra economizar.', ""Sua maior fonte de consumo é a categoria 'TI': Desligue computadores e servidores quando não estiverem em uso.""]",5576.09,4182.07,False,532
Moderado,0.51,"['Seu consumo está na média do seu perfil, mas ainda há espaço pra economizar.', ""Sua maior fonte de consumo é a categoria 'TI': Desligue computadores e servidores quando não estiverem em uso.""]",2855.54,2141.65,False,533
Eficiente,0.49,"['Parabéns! Seu consumo está dentro do esperado para o seu perfil. Continue assim.', ""Sua maior fonte de consumo é a categoria 'Cozinha': Concentre o uso de forno elétrico/airfryer fora do horário de ponta da Light (17h30-20h30).""]",509.48,382.11,False,534
Ineficiente,0.89,"['Seu consumo está acima do esperado para o seu tipo de imóvel — dá pra economizar bastante.', ""Sua maior fonte de consumo é a categoria 'Banheiro': Reduza o tempo de banho e evite usar o chuveiro elétrico na potência máxima, especialmente entre 17h30-20h30.""]",2674.06,2005.54,True,535
Ineficiente,0.79,"['Seu consumo está acima do esperado para o seu tipo de imóvel — dá pra economizar bastante.', ""Sua maior fonte de consumo é a categoria 'Banheiro': Reduza o tempo de banho e evite usar o chuveiro elétrico na potência máxima, especialmente entre 17h30-20h30.""]",3558.01,2668.51,True,536
Eficiente,0.8,"['Parabéns! Seu consumo está dentro do esperado para o seu perfil. Continue assim.', ""Sua maior fonte de consumo é a categoria 'Cozinha': Concentre o uso de forno elétrico/airfryer fora do horário de ponta da Light (17h30-20h30).""]",830.92,623.19,False,537
Eficiente,0.91,"['Parabéns! Seu consumo está dentro do esperado para o seu perfil. Continue assim.', ""Sua maior fonte de consumo é a categoria 'Climatizacao': Ajuste o ar-condicionado para 23-24°C e evite deixá-lo ligado sem necessidade.""]",2482.2,1861.65,False,538
Ineficiente,0.55,"['Seu consumo está acima do esperado para o seu tipo de imóvel — dá pra economizar bastante.', ""Sua maior fonte de consumo é a categoria 'Banheiro': Reduza o tempo de banho e evite usar o chuveiro elétrico na potência máxima, especialmente entre 17h30-20h30.""]",5369.59,4027.19,True,539
Eficiente,0.81,"['Parabéns! Seu consumo está dentro do esperado para o seu perfil. Continue assim.', ""Sua maior fonte de consumo é a categoria 'Climatizacao': Ajuste o ar-condicionado para 23-24°C e evite deixá-lo ligado sem necessidade.""]",193.84,145.38,False,540
Moderado,0.48,"['Seu consumo está na média do seu perfil, mas ainda há espaço pra economizar.', ""Sua maior fonte de consumo é a categoria 'TI': Desligue computadores e servidores quando não estiverem em uso.""]",7246.11,5434.58,False,541
Eficiente,0.81,"['Parabéns! Seu consumo está dentro do esperado para o seu perfil. Continue assim.', ""Sua maior fonte de consumo é a categoria 'Cozinha': Concentre o uso de forno elétrico/airfryer fora do horário de ponta da Light (17h30-20h30).""]",241.15,180.86,False,542
Ineficiente,0.92,"['Seu consumo está acima do esperado para o seu tipo de imóvel — dá pra economizar bastante.', ""Sua maior fonte de consumo é a categoria 'Banheiro': Reduza o tempo de banho e evite usar o chuveiro elétrico na potência máxima, especialmente entre 17h30-20h30.""]",5120.28,3840.21,True,543
Moderado,0.76,"['Seu consumo está na média do seu perfil, mas ainda há espaço pra economizar.', ""Sua maior fonte de consumo é a categoria 'Cozinha': Concentre o uso de forno elétrico/airfryer fora do horário de ponta da Light (17h30-20h30).""]",1433.87,1075.4,False,544
Eficiente,0.96,"['Parabéns! Seu consumo está dentro do esperado para o seu perfil. Continue assim.', ""Sua maior fonte de consumo é a categoria 'Iluminacao': Troque lâmpadas convencionais por LED, que consomem bem menos.""]",4297.26,3222.94,False,545
Ineficiente,0.81,"['Seu consumo está acima do esperado para o seu tipo de imóvel — dá pra economizar bastante.', ""Sua maior fonte de consumo é a categoria 'Banheiro': Reduza o tempo de banho e evite usar o chuveiro elétrico na potência máxima, especialmente entre 17h30-20h30.""]",5107.02,3830.26,True,546
Ineficiente,0.59,"['Seu consumo está acima do esperado para o seu tipo de imóvel — dá pra economizar bastante.', ""Sua maior fonte de consumo é a categoria 'Climatizacao': Ajuste o ar-condicionado para 23-24°C e evite deixá-lo ligado sem necessidade.""]",5874.24,4405.68,True,547
Moderado,0.76,"['Seu consumo está na média do seu perfil, mas ainda há espaço pra economizar.', ""Sua maior fonte de consumo é a categoria 'Banheiro': Reduza o tempo de banho e evite usar o chuveiro elétrico na potência máxima, especialmente entre 17h30-20h30.""]",3726.61,2794.96,False,548
Moderado,0.79,"['Seu consumo está na média do seu perfil, mas ainda há espaço pra economizar.', ""Sua maior fonte de consumo é a categoria 'Banheiro': Reduza o tempo de banho e evite usar o chuveiro elétrico na potência máxima, especialmente entre 17h30-20h30.""]",1329.82,997.36,False,549
Ineficiente,0.57,"['Seu consumo está acima do esperado para o seu tipo de imóvel — dá pra economizar bastante.', ""Sua maior fonte de consumo é a categoria 'Iluminacao': Troque lâmpadas convencionais por LED, que consomem bem menos.""]",5834.9,4376.17,True,550
Ineficiente,0.78,"['Seu consumo está acima do esperado para o seu tipo de imóvel — dá pra economizar bastante.', ""Sua maior fonte de consumo é a categoria 'Industrial': Distribua o uso do maquinário ao longo do dia -- evite concentrar em horário de ponta (17h30-20h30), quando a tarifa é mais alta.""]",19853.72,14890.29,True,551
Eficiente,0.44,"['Parabéns! Seu consumo está dentro do esperado para o seu perfil. Continue assim.', ""Sua maior fonte de consumo é a categoria 'TI': Desligue computadores e servidores quando não estiverem em uso.""]",7705.47,5779.1,False,552
Eficiente,0.95,"['Parabéns! Seu consumo está dentro do esperado para o seu perfil. Continue assim.', ""Sua maior fonte de consumo é a categoria 'TI': Desligue computadores e servidores quando não estiverem em uso.""]",4286.26,3214.69,False,553
Eficiente,0.66,"['Parabéns! Seu consumo está dentro do esperado para o seu perfil. Continue assim.', ""Sua maior fonte de consumo é a categoria 'Climatizacao': Ajuste o ar-condicionado para 23-24°C e evite deixá-lo ligado sem necessidade.""]",3483.87,2612.9,False,554
Moderado,0.56,"['Seu consumo está na média do seu perfil, mas ainda há espaço pra economizar.', ""Sua maior fonte de consumo é a categoria 'Banheiro': Reduza o tempo de banho e evite usar o chuveiro elétrico na potência máxima, especialmente entre 17h30-20h30.""]",2296.53,1722.4,False,555
Moderado,0.51,"['Seu consumo está na média do seu perfil, mas ainda há espaço pra economizar.', ""Sua maior fonte de consumo é a categoria 'Banheiro': Reduza o tempo de banho e evite usar o chuveiro elétrico na potência máxima, especialmente entre 17h30-20h30.""]",2152.06,1614.04,False,556
Eficiente,0.63,"['Parabéns! Seu consumo está dentro do esperado para o seu perfil. Continue assim.', ""Sua maior fonte de consumo é a categoria 'TI': Desligue computadores e servidores quando não estiverem em uso.""]",7016.79,5262.59,False,557
Moderado,0.55,"['Seu consumo está na média do seu perfil, mas ainda há espaço pra economizar.', ""Sua maior fonte de consumo é a categoria 'Banheiro': Reduza o tempo de banho e evite usar o chuveiro elétrico na potência máxima, especialmente entre 17h30-20h30.""]",670.51,502.89,False,558
Eficiente,0.77,"['Parabéns! Seu consumo está dentro do esperado para o seu perfil. Continue assim.', ""Sua maior fonte de consumo é a categoria 'Climatizacao': Ajuste o ar-condicionado para 23-24°C e evite deixá-lo ligado sem necessidade.""]",2317.94,1738.45,False,559
Eficiente,0.57,"['Parabéns! Seu consumo está dentro do esperado para o seu perfil. Continue assim.', ""Sua maior fonte de consumo é a categoria 'Industrial': Distribua o uso do maquinário ao longo do dia -- evite concentrar em horário de ponta (17h30-20h30), quando a tarifa é mais alta.""]",14157.6,10618.2,False,560
Ineficiente,0.76,"['Seu consumo está acima do esperado para o seu tipo de imóvel — dá pra economizar bastante.', ""Sua maior fonte de consumo é a categoria 'Banheiro': Reduza o tempo de banho e evite usar o chuveiro elétrico na potência máxima, especialmente entre 17h30-20h30.""]",6283.75,4712.81,True,561
Moderado,0.79,"['Seu consumo está na média do seu perfil, mas ainda há espaço pra economizar.', ""Sua maior fonte de consumo é a categoria 'Banheiro': Reduza o tempo de banho e evite usar o chuveiro elétrico na potência máxima, especialmente entre 17h30-20h30.""]",1645.31,1233.98,False,562
Moderado,0.48,"['Seu consumo está na média do seu perfil, mas ainda há espaço pra economizar.', ""Sua maior fonte de consumo é a categoria 'Iluminacao': Troque lâmpadas convencionais por LED, que consomem bem menos.""]",3855.8,2891.85,False,563
Moderado,0.55,"['Seu consumo está na média do seu perfil, mas ainda há espaço pra economizar.', ""Sua maior fonte de consumo é a categoria 'Banheiro': Reduza o tempo de banho e evite usar o chuveiro elétrico na potência máxima, especialmente entre 17h30-20h30.""]",4499.45,3374.59,False,564
Eficiente,0.75,"['Parabéns! Seu consumo está dentro do esperado para o seu perfil. Continue assim.', ""Sua maior fonte de consumo é a categoria 'TI': Desligue computadores e servidores quando não estiverem em uso.""]",5200.9,3900.68,False,565
Eficiente,0.57,"['Parabéns! Seu consumo está dentro do esperado para o seu perfil. Continue assim.', ""Sua maior fonte de consumo é a categoria 'Cozinha': Concentre o uso de forno elétrico/airfryer fora do horário de ponta da Light (17h30-20h30).""]",833.53,625.14,False,566
Ineficiente,0.61,"['Seu consumo está acima do esperado para o seu tipo de imóvel — dá pra economizar bastante.', ""Sua maior fonte de consumo é a categoria 'TI': Desligue computadores e servidores quando não estiverem em uso.""]",9353.33,7015.0,True,567
Moderado,0.84,"['Seu consumo está na média do seu perfil, mas ainda há espaço pra economizar.', ""Sua maior fonte de consumo é a categoria 'Banheiro': Reduza o tempo de banho e evite usar o chuveiro elétrico na potência máxima, especialmente entre 17h30-20h30.""]",1862.28,1396.71,False,568
Eficiente,0.45,"['Parabéns! Seu consumo está dentro do esperado para o seu perfil. Continue assim.', ""Sua maior fonte de consumo é a categoria 'TI': Desligue computadores e servidores quando não estiverem em uso.""]",5766.78,4325.08,False,569
Moderado,0.7,"['Seu consumo está na média do seu perfil, mas ainda há espaço pra economizar.', ""Sua maior fonte de consumo é a categoria 'Cozinha': Concentre o uso de forno elétrico/airfryer fora do horário de ponta da Light (17h30-20h30).""]",1972.24,1479.18,False,570
Moderado,0.62,"['Seu consumo está na média do seu perfil, mas ainda há espaço pra economizar.', ""Sua maior fonte de consumo é a categoria 'Cozinha': Concentre o uso de forno elétrico/airfryer fora do horário de ponta da Light (17h30-20h30).""]",1005.86,754.4,False,571
Moderado,0.59,"['Seu consumo está na média do seu perfil, mas ainda há espaço pra economizar.', ""Sua maior fonte de consumo é a categoria 'Banheiro': Reduza o tempo de banho e evite usar o chuveiro elétrico na potência máxima, especialmente entre 17h30-20h30.""]",1104.48,828.36,False,572
Moderado,0.55,"['Seu consumo está na média do seu perfil, mas ainda há espaço pra economizar.', ""Sua maior fonte de consumo é a categoria 'TI': Desligue computadores e servidores quando não estiverem em uso.""]",6269.92,4702.44,False,573
Ineficiente,0.51,"['Seu consumo está acima do esperado para o seu tipo de imóvel — dá pra economizar bastante.', ""Sua maior fonte de consumo é a categoria 'TI': Desligue computadores e servidores quando não estiverem em uso.""]",13244.13,9933.1,True,574
Ineficiente,0.57,"['Seu consumo está acima do esperado para o seu tipo de imóvel — dá pra economizar bastante.', ""Sua maior fonte de consumo é a categoria 'Banheiro': Reduza o tempo de banho e evite usar o chuveiro elétrico na potência máxima, especialmente entre 17h30-20h30.""]",3000.21,2250.16,True,575
Ineficiente,0.65,"['Seu consumo está acima do esperado para o seu tipo de imóvel — dá pra economizar bastante.', ""Sua maior fonte de consumo é a categoria 'Banheiro': Reduza o tempo de banho e evite usar o chuveiro elétrico na potência máxima, especialmente entre 17h30-20h30.""]",3889.01,2916.76,True,576
Moderado,0.64,"['Seu consumo está na média do seu perfil, mas ainda há espaço pra economizar.', ""Sua maior fonte de consumo é a categoria 'Cozinha': Concentre o uso de forno elétrico/airfryer fora do horário de ponta da Light (17h30-20h30).""]",3566.45,2674.84,False,577
Ineficiente,0.43,"['Seu consumo está acima do esperado para o seu tipo de imóvel — dá pra economizar bastante.', ""Sua maior fonte de consumo é a categoria 'TI': Desligue computadores e servidores quando não estiverem em uso.""]",3763.49,2822.62,True,578
Eficiente,0.88,"['Parabéns! Seu consumo está dentro do esperado para o seu perfil. Continue assim.', ""Sua maior fonte de consumo é a categoria 'Climatizacao': Ajuste o ar-condicionado para 23-24°C e evite deixá-lo ligado sem necessidade.""]",5008.89,3756.67,False,579
Eficiente,0.58,"['Parabéns! Seu consumo está dentro do esperado para o seu perfil. Continue assim.', ""Sua maior fonte de consumo é a categoria 'Cozinha': Concentre o uso de forno elétrico/airfryer fora do horário de ponta da Light (17h30-20h30).""]",649.72,487.29,False,580
Moderado,0.64,"['Seu consumo está na média do seu perfil, mas ainda há espaço pra economizar.', ""Sua maior fonte de consumo é a categoria 'Cozinha': Concentre o uso de forno elétrico/airfryer fora do horário de ponta da Light (17h30-20h30).""]",1649.24,1236.93,False,581
Eficiente,0.7,"['Parabéns! Seu consumo está dentro do esperado para o seu perfil. Continue assim.', ""Sua maior fonte de consumo é a categoria 'Cozinha': Concentre o uso de forno elétrico/airfryer fora do horário de ponta da Light (17h30-20h30).""]",774.48,580.86,False,582
Ineficiente,0.88,"['Seu consumo está acima do esperado para o seu tipo de imóvel — dá pra economizar bastante.', ""Sua maior fonte de consumo é a categoria 'Climatizacao': Ajuste o ar-condicionado para 23-24°C e evite deixá-lo ligado sem necessidade.""]",2121.19,1590.89,True,583
Ineficiente,0.85,"['Seu consumo está acima do esperado para o seu tipo de imóvel — dá pra economizar bastante.', ""Sua maior fonte de consumo é a categoria 'Banheiro': Reduza o tempo de banho e evite usar o chuveiro elétrico na potência máxima, especialmente entre 17h30-20h30.""]",9579.25,7184.44,True,584
Eficiente,0.9,"['Parabéns! Seu consumo está dentro do esperado para o seu perfil. Continue assim.', ""Sua maior fonte de consumo é a categoria 'Iluminacao': Troque lâmpadas convencionais por LED, que consomem bem menos.""]",5446.48,4084.86,False,585
Eficiente,0.79,"['Parabéns! Seu consumo está dentro do esperado para o seu perfil. Continue assim.', ""Sua maior fonte de consumo é a categoria 'Cozinha': Concentre o uso de forno elétrico/airfryer fora do horário de ponta da Light (17h30-20h30).""]",437.81,328.36,False,586
Moderado,0.48,"['Seu consumo está na média do seu perfil, mas ainda há espaço pra economizar.', ""Sua maior fonte de consumo é a categoria 'Climatizacao': Ajuste o ar-condicionado para 23-24°C e evite deixá-lo ligado sem necessidade.""]",8029.54,6022.16,False,587
Moderado,0.55,"['Seu consumo está na média do seu perfil, mas ainda há espaço pra economizar.', ""Sua maior fonte de consumo é a categoria 'Banheiro': Reduza o tempo de banho e evite usar o chuveiro elétrico na potência máxima, especialmente entre 17h30-20h30.""]",447.78,335.84,False,588
Eficiente,0.53,"['Parabéns! Seu consumo está dentro do esperado para o seu perfil. Continue assim.', ""Sua maior fonte de consumo é a categoria 'Banheiro': Reduza o tempo de banho e evite usar o chuveiro elétrico na potência máxima, especialmente entre 17h30-20h30.""]",919.24,689.43,False,589
Moderado,0.53,"['Seu consumo está na média do seu perfil, mas ainda há espaço pra economizar.', ""Sua maior fonte de consumo é a categoria 'TI': Desligue computadores e servidores quando não estiverem em uso.""]",5968.13,4476.1,False,590
Eficiente,0.84,"['Parabéns! Seu consumo está dentro do esperado para o seu perfil. Continue assim.', ""Sua maior fonte de consumo é a categoria 'TI': Desligue computadores e servidores quando não estiverem em uso.""]",2668.23,2001.17,False,591
Eficiente,0.7,"['Parabéns! Seu consumo está dentro do esperado para o seu perfil. Continue assim.', ""Sua maior fonte de consumo é a categoria 'TI': Desligue computadores e servidores quando não estiverem em uso.""]",7609.08,5706.81,False,592
Moderado,0.71,"['Seu consumo está na média do seu perfil, mas ainda há espaço pra economizar.', ""Sua maior fonte de consumo é a categoria 'Cozinha': Concentre o uso de forno elétrico/airfryer fora do horário de ponta da Light (17h30-20h30).""]",3162.07,2371.55,False,593
Ineficiente,0.97,"['Seu consumo está acima do esperado para o seu tipo de imóvel — dá pra economizar bastante.', ""Sua maior fonte de consumo é a categoria 'Banheiro': Reduza o tempo de banho e evite usar o chuveiro elétrico na potência máxima, especialmente entre 17h30-20h30.""]",9449.05,7086.78,True,594
Eficiente,0.72,"['Parabéns! Seu consumo está dentro do esperado para o seu perfil. Continue assim.', ""Sua maior fonte de consumo é a categoria 'TI': Desligue computadores e servidores quando não estiverem em uso.""]",6355.29,4766.47,False,595
Eficiente,0.79,"['Parabéns! Seu consumo está dentro do esperado para o seu perfil. Continue assim.', ""Sua maior fonte de consumo é a categoria 'Climatizacao': Ajuste o ar-condicionado para 23-24°C e evite deixá-lo ligado sem necessidade.""]",521.58,391.18,False,596
Eficiente,0.5,"['Parabéns! Seu consumo está dentro do esperado para o seu perfil. Continue assim.', ""Sua maior fonte de consumo é a categoria 'Cozinha': Concentre o uso de forno elétrico/airfryer fora do horário de ponta da Light (17h30-20h30).""]",1784.94,1338.71,False,597
Eficiente,0.59,"['Parabéns! Seu consumo está dentro do esperado para o seu perfil. Continue assim.', ""Sua maior fonte de consumo é a categoria 'Cozinha': Concentre o uso de forno elétrico/airfryer fora do horário de ponta da Light (17h30-20h30).""]",886.25,664.69,False,598
Eficiente,0.59,"['Parabéns! Seu consumo está dentro do esperado para o seu perfil. Continue assim.', ""Sua maior fonte de consumo é a categoria 'Cozinha': Concentre o uso de forno elétrico/airfryer fora do horário de ponta da Light (17h30-20h30).""]",1002.82,752.12,False,599
Moderado,0.58,"['Seu consumo está na média do seu perfil, mas ainda há espaço pra economizar.', ""Sua maior fonte de consumo é a categoria 'Climatizacao': Ajuste o ar-condicionado para 23-24°C e evite deixá-lo ligado sem necessidade.""]",2899.59,2174.69,False,600
Eficiente,0.79,"['Parabéns! Seu consumo está dentro do esperado para o seu perfil. Continue assim.', ""Sua maior fonte de consumo é a categoria 'Cozinha': Concentre o uso de forno elétrico/airfryer fora do horário de ponta da Light (17h30-20h30).""]",686.34,514.76,False,601
Eficiente,0.75,"['Parabéns! Seu consumo está dentro do esperado para o seu perfil. Continue assim.', ""Sua maior fonte de consumo é a categoria 'Cozinha': Concentre o uso de forno elétrico/airfryer fora do horário de ponta da Light (17h30-20h30).""]",1081.86,811.4,False,602
Moderado,0.62,"['Seu consumo está na média do seu perfil, mas ainda há espaço pra economizar.', ""Sua maior fonte de consumo é a categoria 'Banheiro': Reduza o tempo de banho e evite usar o chuveiro elétrico na potência máxima, especialmente entre 17h30-20h30.""]",4215.16,3161.37,False,603
Moderado,0.72,"['Seu consumo está na média do seu perfil, mas ainda há espaço pra economizar.', ""Sua maior fonte de consumo é a categoria 'Banheiro': Reduza o tempo de banho e evite usar o chuveiro elétrico na potência máxima, especialmente entre 17h30-20h30.""]",634.02,475.51,False,604
Eficiente,0.65,"['Parabéns! Seu consumo está dentro do esperado para o seu perfil. Continue assim.', ""Sua maior fonte de consumo é a categoria 'Cozinha': Concentre o uso de forno elétrico/airfryer fora do horário de ponta da Light (17h30-20h30).""]",448.51,336.38,False,605
Moderado,0.73,"['Seu consumo está na média do seu perfil, mas ainda há espaço pra economizar.', ""Sua maior fonte de consumo é a categoria 'Banheiro': Reduza o tempo de banho e evite usar o chuveiro elétrico na potência máxima, especialmente entre 17h30-20h30.""]",4323.09,3242.32,False,606
Ineficiente,0.52,"['Seu consumo está acima do esperado para o seu tipo de imóvel — dá pra economizar bastante.', ""Sua maior fonte de consumo é a categoria 'Banheiro': Reduza o tempo de banho e evite usar o chuveiro elétrico na potência máxima, especialmente entre 17h30-20h30.""]",8189.07,6141.8,True,607
Ineficiente,0.53,"['Seu consumo está acima do esperado para o seu tipo de imóvel — dá pra economizar bastante.', ""Sua maior fonte de consumo é a categoria 'Iluminacao': Troque lâmpadas convencionais por LED, que consomem bem menos.""]",11019.48,8264.61,True,608
Moderado,0.82,"['Seu consumo está na média do seu perfil, mas ainda há espaço pra economizar.', ""Sua maior fonte de consumo é a categoria 'Banheiro': Reduza o tempo de banho e evite usar o chuveiro elétrico na potência máxima, especialmente entre 17h30-20h30.""]",1217.01,912.75,False,609
Ineficiente,0.7,"['Seu consumo está acima do esperado para o seu tipo de imóvel — dá pra economizar bastante.', ""Sua maior fonte de consumo é a categoria 'Banheiro': Reduza o tempo de banho e evite usar o chuveiro elétrico na potência máxima, especialmente entre 17h30-20h30.""]",2436.74,1827.55,True,610
Moderado,0.55,"['Seu consumo está na média do seu perfil, mas ainda há espaço pra economizar.', ""Sua maior fonte de consumo é a categoria 'Climatizacao': Ajuste o ar-condicionado para 23-24°C e evite deixá-lo ligado sem necessidade.""]",7414.75,5561.06,False,611
Eficiente,0.75,"['Parabéns! Seu consumo está dentro do esperado para o seu perfil. Continue assim.', ""Sua maior fonte de consumo é a categoria 'TI': Desligue computadores e servidores quando não estiverem em uso.""]",3687.71,2765.78,False,612
Ineficiente,0.92,"['Seu consumo está acima do esperado para o seu tipo de imóvel — dá pra economizar bastante.', ""Sua maior fonte de consumo é a categoria 'Banheiro': Reduza o tempo de banho e evite usar o chuveiro elétrico na potência máxima, especialmente entre 17h30-20h30.""]",4382.03,3286.52,True,613
Moderado,0.71,"['Seu consumo está na média do seu perfil, mas ainda há espaço pra economizar.', ""Sua maior fonte de consumo é a categoria 'Banheiro': Reduza o tempo de banho e evite usar o chuveiro elétrico na potência máxima, especialmente entre 17h30-20h30.""]",1775.89,1331.92,False,614
Moderado,0.54,"['Seu consumo está na média do seu perfil, mas ainda há espaço pra economizar.', ""Sua maior fonte de consumo é a categoria 'Entretenimento': Evite deixar TV e videogame em modo standby por longos períodos.""]",428.35,321.27,False,615
Ineficiente,0.78,"['Seu consumo está acima do esperado para o seu tipo de imóvel — dá pra economizar bastante.', ""Sua maior fonte de consumo é a categoria 'TI': Desligue computadores e servidores quando não estiverem em uso.""]",10408.96,7806.72,True,616
Ineficiente,0.86,"['Seu consumo está acima do esperado para o seu tipo de imóvel — dá pra economizar bastante.', ""Sua maior fonte de consumo é a categoria 'Industrial': Distribua o uso do maquinário ao longo do dia -- evite concentrar em horário de ponta (17h30-20h30), quando a tarifa é mais alta.""]",13058.9,9794.17,True,617
Ineficiente,0.57,"['Seu consumo está acima do esperado para o seu tipo de imóvel — dá pra economizar bastante.', ""Sua maior fonte de consumo é a categoria 'Climatizacao': Ajuste o ar-condicionado para 23-24°C e evite deixá-lo ligado sem necessidade.""]",8470.53,6352.9,True,618
Moderado,0.54,"['Seu consumo está na média do seu perfil, mas ainda há espaço pra economizar.', ""Sua maior fonte de consumo é a categoria 'Banheiro': Reduza o tempo de banho e evite usar o chuveiro elétrico na potência máxima, especialmente entre 17h30-20h30.""]",2849.97,2137.48,False,619
Moderado,0.45,"['Seu consumo está na média do seu perfil, mas ainda há espaço pra economizar.', ""Sua maior fonte de consumo é a categoria 'TI': Desligue computadores e servidores quando não estiverem em uso.""]",7337.41,5503.06,False,620
Eficiente,0.63,"['Parabéns! Seu consumo está dentro do esperado para o seu perfil. Continue assim.', ""Sua maior fonte de consumo é a categoria 'Cozinha': Concentre o uso de forno elétrico/airfryer fora do horário de ponta da Light (17h30-20h30).""]",458.76,344.07,False,621
Ineficiente,0.73,"['Seu consumo está acima do esperado para o seu tipo de imóvel — dá pra economizar bastante.', ""Sua maior fonte de consumo é a categoria 'Banheiro': Reduza o tempo de banho e evite usar o chuveiro elétrico na potência máxima, especialmente entre 17h30-20h30.""]",5023.03,3767.27,True,622
Ineficiente,0.6,"['Seu consumo está acima do esperado para o seu tipo de imóvel — dá pra economizar bastante.', ""Sua maior fonte de consumo é a categoria 'Cozinha': Concentre o uso de forno elétrico/airfryer fora do horário de ponta da Light (17h30-20h30).""]",3414.7,2561.02,True,623
Moderado,0.6,"['Seu consumo está na média do seu perfil, mas ainda há espaço pra economizar.', ""Sua maior fonte de consumo é a categoria 'Industrial': Distribua o uso do maquinário ao longo do dia -- evite concentrar em horário de ponta (17h30-20h30), quando a tarifa é mais alta.""]",13203.16,9902.37,False,624
Eficiente,0.56,"['Parabéns! Seu consumo está dentro do esperado para o seu perfil. Continue assim.', ""Sua maior fonte de consumo é a categoria 'Banheiro': Reduza o tempo de banho e evite usar o chuveiro elétrico na potência máxima, especialmente entre 17h30-20h30.""]",1050.39,787.79,False,625
Eficiente,0.73,"['Parabéns! Seu consumo está dentro do esperado para o seu perfil. Continue assim.', ""Sua maior fonte de consumo é a categoria 'Cozinha': Concentre o uso de forno elétrico/airfryer fora do horário de ponta da Light (17h30-20h30).""]",1477.25,1107.94,False,626
Moderado,0.62,"['Seu consumo está na média do seu perfil, mas ainda há espaço pra economizar.', ""Sua maior fonte de consumo é a categoria 'Cozinha': Concentre o uso de forno elétrico/airfryer fora do horário de ponta da Light (17h30-20h30).""]",277.96,208.47,False,627
Moderado,0.55,"['Seu consumo está na média do seu perfil, mas ainda há espaço pra economizar.', ""Sua maior fonte de consumo é a categoria 'Banheiro': Reduza o tempo de banho e evite usar o chuveiro elétrico na potência máxima, especialmente entre 17h30-20h30.""]",4478.11,3358.59,False,628
Moderado,0.76,"['Seu consumo está na média do seu perfil, mas ainda há espaço pra economizar.', ""Sua maior fonte de consumo é a categoria 'Cozinha': Concentre o uso de forno elétrico/airfryer fora do horário de ponta da Light (17h30-20h30).""]",987.45,740.59,False,629
Eficiente,0.58,"['Parabéns! Seu consumo está dentro do esperado para o seu perfil. Continue assim.', ""Sua maior fonte de consumo é a categoria 'Cozinha': Concentre o uso de forno elétrico/airfryer fora do horário de ponta da Light (17h30-20h30).""]",1100.8,825.6,False,630
Moderado,0.55,"['Seu consumo está na média do seu perfil, mas ainda há espaço pra economizar.', ""Sua maior fonte de consumo é a categoria 'Climatizacao': Ajuste o ar-condicionado para 23-24°C e evite deixá-lo ligado sem necessidade.""]",6449.9,4837.43,False,631
Ineficiente,0.74,"['Seu consumo está acima do esperado para o seu tipo de imóvel — dá pra economizar bastante.', ""Sua maior fonte de consumo é a categoria 'Banheiro': Reduza o tempo de banho e evite usar o chuveiro elétrico na potência máxima, especialmente entre 17h30-20h30.""]",5187.04,3890.28,True,632
Eficiente,0.53,"['Parabéns! Seu consumo está dentro do esperado para o seu perfil. Continue assim.', ""Sua maior fonte de consumo é a categoria 'Climatizacao': Ajuste o ar-condicionado para 23-24°C e evite deixá-lo ligado sem necessidade.""]",2639.84,1979.88,False,633
Ineficiente,0.51,"['Seu consumo está acima do esperado para o seu tipo de imóvel — dá pra economizar bastante.', ""Sua maior fonte de consumo é a categoria 'Iluminacao': Troque lâmpadas convencionais por LED, que consomem bem menos.""]",6207.38,4655.54,True,634
Moderado,0.55,"['Seu consumo está na média do seu perfil, mas ainda há espaço pra economizar.', ""Sua maior fonte de consumo é a categoria 'TI': Desligue computadores e servidores quando não estiverem em uso.""]",17526.25,13144.69,False,635
Moderado,0.59,"['Seu consumo está na média do seu perfil, mas ainda há espaço pra economizar.', ""Sua maior fonte de consumo é a categoria 'Banheiro': Reduza o tempo de banho e evite usar o chuveiro elétrico na potência máxima, especialmente entre 17h30-20h30.""]",1141.66,856.25,False,636
Eficiente,0.77,"['Parabéns! Seu consumo está dentro do esperado para o seu perfil. Continue assim.', ""Sua maior fonte de consumo é a categoria 'Cozinha': Concentre o uso de forno elétrico/airfryer fora do horário de ponta da Light (17h30-20h30).""]",928.6,696.45,False,637
Moderado,0.74,"['Seu consumo está na média do seu perfil, mas ainda há espaço pra economizar.', ""Sua maior fonte de consumo é a categoria 'Banheiro': Reduza o tempo de banho e evite usar o chuveiro elétrico na potência máxima, especialmente entre 17h30-20h30.""]",859.63,644.73,False,638
Moderado,0.6,"['Seu consumo está na média do seu perfil, mas ainda há espaço pra economizar.', ""Sua maior fonte de consumo é a categoria 'Industrial': Distribua o uso do maquinário ao longo do dia -- evite concentrar em horário de ponta (17h30-20h30), quando a tarifa é mais alta.""]",18095.0,13571.25,False,639
Ineficiente,0.55,"['Seu consumo está acima do esperado para o seu tipo de imóvel — dá pra economizar bastante.', ""Sua maior fonte de consumo é a categoria 'Industrial': Distribua o uso do maquinário ao longo do dia -- evite concentrar em horário de ponta (17h30-20h30), quando a tarifa é mais alta.""]",11162.7,8372.02,True,640
Moderado,0.81,"['Seu consumo está na média do seu perfil, mas ainda há espaço pra economizar.', ""Sua maior fonte de consumo é a categoria 'Banheiro': Reduza o tempo de banho e evite usar o chuveiro elétrico na potência máxima, especialmente entre 17h30-20h30.""]",2763.47,2072.6,False,641
Ineficiente,0.71,"['Seu consumo está acima do esperado para o seu tipo de imóvel — dá pra economizar bastante.', ""Sua maior fonte de consumo é a categoria 'TI': Desligue computadores e servidores quando não estiverem em uso.""]",6075.98,4556.99,True,642
Moderado,0.67,"['Seu consumo está na média do seu perfil, mas ainda há espaço pra economizar.', ""Sua maior fonte de consumo é a categoria 'Banheiro': Reduza o tempo de banho e evite usar o chuveiro elétrico na potência máxima, especialmente entre 17h30-20h30.""]",857.72,643.29,False,643
Moderado,0.44,"['Seu consumo está na média do seu perfil, mas ainda há espaço pra economizar.', ""Sua maior fonte de consumo é a categoria 'Iluminacao': Troque lâmpadas convencionais por LED, que consomem bem menos.""]",3380.67,2535.5,False,644
Moderado,0.74,"['Seu consumo está na média do seu perfil, mas ainda há espaço pra economizar.', ""Sua maior fonte de consumo é a categoria 'Banheiro': Reduza o tempo de banho e evite usar o chuveiro elétrico na potência máxima, especialmente entre 17h30-20h30.""]",1644.45,1233.34,False,645
Moderado,0.43,"['Seu consumo está na média do seu perfil, mas ainda há espaço pra economizar.', ""Sua maior fonte de consumo é a categoria 'TI': Desligue computadores e servidores quando não estiverem em uso.""]",7369.42,5527.06,False,646
Moderado,0.54,"['Seu consumo está na média do seu perfil, mas ainda há espaço pra economizar.', ""Sua maior fonte de consumo é a categoria 'Banheiro': Reduza o tempo de banho e evite usar o chuveiro elétrico na potência máxima, especialmente entre 17h30-20h30.""]",3280.96,2460.72,False,647
Ineficiente,0.81,"['Seu consumo está acima do esperado para o seu tipo de imóvel — dá pra economizar bastante.', ""Sua maior fonte de consumo é a categoria 'TI': Desligue computadores e servidores quando não estiverem em uso.""]",4924.79,3693.59,True,648
Eficiente,0.86,"['Parabéns! Seu consumo está dentro do esperado para o seu perfil. Continue assim.', ""Sua maior fonte de consumo é a categoria 'Iluminacao': Troque lâmpadas convencionais por LED, que consomem bem menos.""]",1323.54,992.66,False,649
Moderado,0.48,"['Seu consumo está na média do seu perfil, mas ainda há espaço pra economizar.', ""Sua maior fonte de consumo é a categoria 'Iluminacao': Troque lâmpadas convencionais por LED, que consomem bem menos.""]",1814.57,1360.93,False,650
Ineficiente,0.61,"['Seu consumo está acima do esperado para o seu tipo de imóvel — dá pra economizar bastante.', ""Sua maior fonte de consumo é a categoria 'Banheiro': Reduza o tempo de banho e evite usar o chuveiro elétrico na potência máxima, especialmente entre 17h30-20h30.""]",6115.23,4586.42,True,651
Eficiente,0.78,"['Parabéns! Seu consumo está dentro do esperado para o seu perfil. Continue assim.', ""Sua maior fonte de consumo é a categoria 'Climatizacao': Ajuste o ar-condicionado para 23-24°C e evite deixá-lo ligado sem necessidade.""]",81.46,61.09,False,652
Moderado,0.81,"['Seu consumo está na média do seu perfil, mas ainda há espaço pra economizar.', ""Sua maior fonte de consumo é a categoria 'Banheiro': Reduza o tempo de banho e evite usar o chuveiro elétrico na potência máxima, especialmente entre 17h30-20h30.""]",1733.17,1299.87,False,653
Ineficiente,0.61,"['Seu consumo está acima do esperado para o seu tipo de imóvel — dá pra economizar bastante.', ""Sua maior fonte de consumo é a categoria 'Banheiro': Reduza o tempo de banho e evite usar o chuveiro elétrico na potência máxima, especialmente entre 17h30-20h30.""]",5225.52,3919.14,True,654
Moderado,0.51,"['Seu consumo está na média do seu perfil, mas ainda há espaço pra economizar.', ""Sua maior fonte de consumo é a categoria 'Cozinha': Concentre o uso de forno elétrico/airfryer fora do horário de ponta da Light (17h30-20h30).""]",1968.2,1476.15,False,655
Moderado,0.57,"['Seu consumo está na média do seu perfil, mas ainda há espaço pra economizar.', ""Sua maior fonte de consumo é a categoria 'Industrial': Distribua o uso do maquinário ao longo do dia -- evite concentrar em horário de ponta (17h30-20h30), quando a tarifa é mais alta.""]",12426.42,9319.82,False,656
Eficiente,0.82,"['Parabéns! Seu consumo está dentro do esperado para o seu perfil. Continue assim.', ""Sua maior fonte de consumo é a categoria 'Cozinha': Concentre o uso de forno elétrico/airfryer fora do horário de ponta da Light (17h30-20h30).""]",703.38,527.54,False,657
Eficiente,0.89,"['Parabéns! Seu consumo está dentro do esperado para o seu perfil. Continue assim.', ""Sua maior fonte de consumo é a categoria 'Entretenimento': Evite deixar TV e videogame em modo standby por longos períodos.""]",78.39,58.8,False,658
Ineficiente,0.75,"['Seu consumo está acima do esperado para o seu tipo de imóvel — dá pra economizar bastante.', ""Sua maior fonte de consumo é a categoria 'Banheiro': Reduza o tempo de banho e evite usar o chuveiro elétrico na potência máxima, especialmente entre 17h30-20h30.""]",2768.26,2076.2,True,659
Moderado,0.59,"['Seu consumo está na média do seu perfil, mas ainda há espaço pra economizar.', ""Sua maior fonte de consumo é a categoria 'Cozinha': Concentre o uso de forno elétrico/airfryer fora do horário de ponta da Light (17h30-20h30).""]",1462.55,1096.91,False,660
Moderado,0.56,"['Seu consumo está na média do seu perfil, mas ainda há espaço pra economizar.', ""Sua maior fonte de consumo é a categoria 'Climatizacao': Ajuste o ar-condicionado para 23-24°C e evite deixá-lo ligado sem necessidade.""]",5006.02,3754.52,False,661
Ineficiente,0.6,"['Seu consumo está acima do esperado para o seu tipo de imóvel — dá pra economizar bastante.', ""Sua maior fonte de consumo é a categoria 'Banheiro': Reduza o tempo de banho e evite usar o chuveiro elétrico na potência máxima, especialmente entre 17h30-20h30.""]",3803.18,2852.39,True,662
Eficiente,0.91,"['Parabéns! Seu consumo está dentro do esperado para o seu perfil. Continue assim.', ""Sua maior fonte de consumo é a categoria 'TI': Desligue computadores e servidores quando não estiverem em uso.""]",5520.3,4140.23,False,663
Moderado,0.73,"['Seu consumo está na média do seu perfil, mas ainda há espaço pra economizar.', ""Sua maior fonte de consumo é a categoria 'Banheiro': Reduza o tempo de banho e evite usar o chuveiro elétrico na potência máxima, especialmente entre 17h30-20h30.""]",2894.49,2170.87,False,664
Moderado,0.58,"['Seu consumo está na média do seu perfil, mas ainda há espaço pra economizar.', ""Sua maior fonte de consumo é a categoria 'Industrial': Distribua o uso do maquinário ao longo do dia -- evite concentrar em horário de ponta (17h30-20h30), quando a tarifa é mais alta.""]",14847.96,11135.97,False,665
Eficiente,0.58,"['Parabéns! Seu consumo está dentro do esperado para o seu perfil. Continue assim.', ""Sua maior fonte de consumo é a categoria 'Climatizacao': Ajuste o ar-condicionado para 23-24°C e evite deixá-lo ligado sem necessidade.""]",3831.59,2873.7,False,666
Eficiente,0.63,"['Parabéns! Seu consumo está dentro do esperado para o seu perfil. Continue assim.', ""Sua maior fonte de consumo é a categoria 'Cozinha': Concentre o uso de forno elétrico/airfryer fora do horário de ponta da Light (17h30-20h30).""]",997.62,748.21,False,667
Eficiente,0.77,"['Parabéns! Seu consumo está dentro do esperado para o seu perfil. Continue assim.', ""Sua maior fonte de consumo é a categoria 'Industrial': Distribua o uso do maquinário ao longo do dia -- evite concentrar em horário de ponta (17h30-20h30), quando a tarifa é mais alta.""]",6001.32,4500.99,False,668
Moderado,0.74,"['Seu consumo está na média do seu perfil, mas ainda há espaço pra economizar.', ""Sua maior fonte de consumo é a categoria 'Banheiro': Reduza o tempo de banho e evite usar o chuveiro elétrico na potência máxima, especialmente entre 17h30-20h30.""]",3899.01,2924.26,False,669
Moderado,0.46,"['Seu consumo está na média do seu perfil, mas ainda há espaço pra economizar.', ""Sua maior fonte de consumo é a categoria 'TI': Desligue computadores e servidores quando não estiverem em uso.""]",7974.66,5981.0,False,670
Eficiente,0.64,"['Parabéns! Seu consumo está dentro do esperado para o seu perfil. Continue assim.', ""Sua maior fonte de consumo é a categoria 'Cozinha': Concentre o uso de forno elétrico/airfryer fora do horário de ponta da Light (17h30-20h30).""]",688.5,516.37,False,671
Ineficiente,0.48,"['Seu consumo está acima do esperado para o seu tipo de imóvel — dá pra economizar bastante.', ""Sua maior fonte de consumo é a categoria 'Climatizacao': Ajuste o ar-condicionado para 23-24°C e evite deixá-lo ligado sem necessidade.""]",7055.66,5291.75,True,672
Ineficiente,0.55,"['Seu consumo está acima do esperado para o seu tipo de imóvel — dá pra economizar bastante.', ""Sua maior fonte de consumo é a categoria 'TI': Desligue computadores e servidores quando não estiverem em uso.""]",8103.56,6077.67,True,673
Eficiente,0.97,"['Parabéns! Seu consumo está dentro do esperado para o seu perfil. Continue assim.', ""Sua maior fonte de consumo é a categoria 'TI': Desligue computadores e servidores quando não estiverem em uso.""]",1242.32,931.74,False,674
Eficiente,0.53,"['Parabéns! Seu consumo está dentro do esperado para o seu perfil. Continue assim.', ""Sua maior fonte de consumo é a categoria 'TI': Desligue computadores e servidores quando não estiverem em uso.""]",3991.36,2993.52,False,675
Ineficiente,0.73,"['Seu consumo está acima do esperado para o seu tipo de imóvel — dá pra economizar bastante.', ""Sua maior fonte de consumo é a categoria 'Banheiro': Reduza o tempo de banho e evite usar o chuveiro elétrico na potência máxima, especialmente entre 17h30-20h30.""]",5031.14,3773.36,True,676
Eficiente,0.54,"['Parabéns! Seu consumo está dentro do esperado para o seu perfil. Continue assim.', ""Sua maior fonte de consumo é a categoria 'Banheiro': Reduza o tempo de banho e evite usar o chuveiro elétrico na potência máxima, especialmente entre 17h30-20h30.""]",1746.76,1310.07,False,677
Eficiente,0.81,"['Parabéns! Seu consumo está dentro do esperado para o seu perfil. Continue assim.', ""Sua maior fonte de consumo é a categoria 'Cozinha': Concentre o uso de forno elétrico/airfryer fora do horário de ponta da Light (17h30-20h30).""]",250.94,188.21,False,678
Moderado,0.59,"['Seu consumo está na média do seu perfil, mas ainda há espaço pra economizar.', ""Sua maior fonte de consumo é a categoria 'Climatizacao': Ajuste o ar-condicionado para 23-24°C e evite deixá-lo ligado sem necessidade.""]",3557.92,2668.44,False,679
Ineficiente,0.49,"['Seu consumo está acima do esperado para o seu tipo de imóvel — dá pra economizar bastante.', ""Sua maior fonte de consumo é a categoria 'TI': Desligue computadores e servidores quando não estiverem em uso.""]",8534.38,6400.79,True,680
Moderado,0.61,"['Seu consumo está na média do seu perfil, mas ainda há espaço pra economizar.', ""Sua maior fonte de consumo é a categoria 'Cozinha': Concentre o uso de forno elétrico/airfryer fora do horário de ponta da Light (17h30-20h30).""]",3219.16,2414.37,False,681
Eficiente,0.61,"['Parabéns! Seu consumo está dentro do esperado para o seu perfil. Continue assim.', ""Sua maior fonte de consumo é a categoria 'Iluminacao': Troque lâmpadas convencionais por LED, que consomem bem menos.""]",3556.75,2667.56,False,682
Eficiente,0.75,"['Parabéns! Seu consumo está dentro do esperado para o seu perfil. Continue assim.', ""Sua maior fonte de consumo é a categoria 'Climatizacao': Ajuste o ar-condicionado para 23-24°C e evite deixá-lo ligado sem necessidade.""]",3491.88,2618.91,False,683
Eficiente,0.54,"['Parabéns! Seu consumo está dentro do esperado para o seu perfil. Continue assim.', ""Sua maior fonte de consumo é a categoria 'TI': Desligue computadores e servidores quando não estiverem em uso.""]",3035.96,2276.97,False,684
Ineficiente,0.52,"['Seu consumo está acima do esperado para o seu tipo de imóvel — dá pra economizar bastante.', ""Sua maior fonte de consumo é a categoria 'Banheiro': Reduza o tempo de banho e evite usar o chuveiro elétrico na potência máxima, especialmente entre 17h30-20h30.""]",3616.43,2712.32,True,685
Eficiente,0.88,"['Parabéns! Seu consumo está dentro do esperado para o seu perfil. Continue assim.', ""Sua maior fonte de consumo é a categoria 'TI': Desligue computadores e servidores quando não estiverem em uso.""]",2219.23,1664.42,False,686
Ineficiente,0.63,"['Seu consumo está acima do esperado para o seu tipo de imóvel — dá pra economizar bastante.', ""Sua maior fonte de consumo é a categoria 'Industrial': Distribua o uso do maquinário ao longo do dia -- evite concentrar em horário de ponta (17h30-20h30), quando a tarifa é mais alta.""]",32197.44,24148.08,True,687
Ineficiente,0.87,"['Seu consumo está acima do esperado para o seu tipo de imóvel — dá pra economizar bastante.', ""Sua maior fonte de consumo é a categoria 'Banheiro': Reduza o tempo de banho e evite usar o chuveiro elétrico na potência máxima, especialmente entre 17h30-20h30.""]",5652.19,4239.14,True,688
Eficiente,0.7,"['Parabéns! Seu consumo está dentro do esperado para o seu perfil. Continue assim.', ""Sua maior fonte de consumo é a categoria 'Climatizacao': Ajuste o ar-condicionado para 23-24°C e evite deixá-lo ligado sem necessidade.""]",2972.83,2229.62,False,689
Eficiente,0.73,"['Parabéns! Seu consumo está dentro do esperado para o seu perfil. Continue assim.', ""Sua maior fonte de consumo é a categoria 'Iluminacao': Troque lâmpadas convencionais por LED, que consomem bem menos.""]",1962.85,1472.14,False,690
Ineficiente,0.64,"['Seu consumo está acima do esperado para o seu tipo de imóvel — dá pra economizar bastante.', ""Sua maior fonte de consumo é a categoria 'Cozinha': Concentre o uso de forno elétrico/airfryer fora do horário de ponta da Light (17h30-20h30).""]",3166.25,2374.69,True,691
Ineficiente,0.89,"['Seu consumo está acima do esperado para o seu tipo de imóvel — dá pra economizar bastante.', ""Sua maior fonte de consumo é a categoria 'Banheiro': Reduza o tempo de banho e evite usar o chuveiro elétrico na potência máxima, especialmente entre 17h30-20h30.""]",4476.68,3357.51,True,692
Moderado,0.75,"['Seu consumo está na média do seu perfil, mas ainda há espaço pra economizar.', ""Sua maior fonte de consumo é a categoria 'Banheiro': Reduza o tempo de banho e evite usar o chuveiro elétrico na potência máxima, especialmente entre 17h30-20h30.""]",1105.33,829.0,False,693
Moderado,0.58,"['Seu consumo está na média do seu perfil, mas ainda há espaço pra economizar.', ""Sua maior fonte de consumo é a categoria 'Banheiro': Reduza o tempo de banho e evite usar o chuveiro elétrico na potência máxima, especialmente entre 17h30-20h30.""]",3790.46,2842.85,False,694
Eficiente,0.69,"['Parabéns! Seu consumo está dentro do esperado para o seu perfil. Continue assim.', ""Sua maior fonte de consumo é a categoria 'Cozinha': Concentre o uso de forno elétrico/airfryer fora do horário de ponta da Light (17h30-20h30).""]",293.74,220.3,False,695
Moderado,0.78,"['Seu consumo está na média do seu perfil, mas ainda há espaço pra economizar.', ""Sua maior fonte de consumo é a categoria 'Banheiro': Reduza o tempo de banho e evite usar o chuveiro elétrico na potência máxima, especialmente entre 17h30-20h30.""]",3922.6,2941.95,False,696
Moderado,0.49,"['Seu consumo está na média do seu perfil, mas ainda há espaço pra economizar.', ""Sua maior fonte de consumo é a categoria 'Cozinha': Concentre o uso de forno elétrico/airfryer fora do horário de ponta da Light (17h30-20h30).""]",596.78,447.58,False,697
Eficiente,0.81,"['Parabéns! Seu consumo está dentro do esperado para o seu perfil. Continue assim.', ""Sua maior fonte de consumo é a categoria 'Climatizacao': Ajuste o ar-condicionado para 23-24°C e evite deixá-lo ligado sem necessidade.""]",172.72,129.54,False,698
Moderado,0.5,"['Seu consumo está na média do seu perfil, mas ainda há espaço pra economizar.', ""Sua maior fonte de consumo é a categoria 'Industrial': Distribua o uso do maquinário ao longo do dia -- evite concentrar em horário de ponta (17h30-20h30), quando a tarifa é mais alta.""]",9943.0,7457.25,False,699
Eficiente,0.69,"['Parabéns! Seu consumo está dentro do esperado para o seu perfil. Continue assim.', ""Sua maior fonte de consumo é a categoria 'Climatizacao': Ajuste o ar-condicionado para 23-24°C e evite deixá-lo ligado sem necessidade.""]",1236.33,927.25,False,700
Eficiente,0.68,"['Parabéns! Seu consumo está dentro do esperado para o seu perfil. Continue assim.', ""Sua maior fonte de consumo é a categoria 'TI': Desligue computadores e servidores quando não estiverem em uso.""]",10395.6,7796.7,False,701
Moderado,0.61,"['Seu consumo está na média do seu perfil, mas ainda há espaço pra economizar.', ""Sua maior fonte de consumo é a categoria 'Banheiro': Reduza o tempo de banho e evite usar o chuveiro elétrico na potência máxima, especialmente entre 17h30-20h30.""]",1859.58,1394.68,False,702
Moderado,0.82,"['Seu consumo está na média do seu perfil, mas ainda há espaço pra economizar.', ""Sua maior fonte de consumo é a categoria 'Cozinha': Concentre o uso de forno elétrico/airfryer fora do horário de ponta da Light (17h30-20h30).""]",628.35,471.26,False,703
Ineficiente,0.55,"['Seu consumo está acima do esperado para o seu tipo de imóvel — dá pra economizar bastante.', ""Sua maior fonte de consumo é a categoria 'Banheiro': Reduza o tempo de banho e evite usar o chuveiro elétrico na potência máxima, especialmente entre 17h30-20h30.""]",4390.1,3292.57,True,704
Eficiente,0.56,"['Parabéns! Seu consumo está dentro do esperado para o seu perfil. Continue assim.', ""Sua maior fonte de consumo é a categoria 'Climatizacao': Ajuste o ar-condicionado para 23-24°C e evite deixá-lo ligado sem necessidade.""]",1170.21,877.66,False,705
Eficiente,0.53,"['Parabéns! Seu consumo está dentro do esperado para o seu perfil. Continue assim.', ""Sua maior fonte de consumo é a categoria 'Cozinha': Concentre o uso de forno elétrico/airfryer fora do horário de ponta da Light (17h30-20h30).""]",960.05,720.04,False,706
Eficiente,0.55,"['Parabéns! Seu consumo está dentro do esperado para o seu perfil. Continue assim.', ""Sua maior fonte de consumo é a categoria 'TI': Desligue computadores e servidores quando não estiverem em uso.""]",4398.03,3298.52,False,707
Eficiente,0.57,"['Parabéns! Seu consumo está dentro do esperado para o seu perfil. Continue assim.', ""Sua maior fonte de consumo é a categoria 'Cozinha': Concentre o uso de forno elétrico/airfryer fora do horário de ponta da Light (17h30-20h30).""]",679.72,509.79,False,708
Ineficiente,0.56,"['Seu consumo está acima do esperado para o seu tipo de imóvel — dá pra economizar bastante.', ""Sua maior fonte de consumo é a categoria 'Climatizacao': Ajuste o ar-condicionado para 23-24°C e evite deixá-lo ligado sem necessidade.""]",6607.72,4955.79,True,709
Eficiente,0.54,"['Parabéns! Seu consumo está dentro do esperado para o seu perfil. Continue assim.', ""Sua maior fonte de consumo é a categoria 'Climatizacao': Ajuste o ar-condicionado para 23-24°C e evite deixá-lo ligado sem necessidade.""]",4206.5,3154.87,False,710
Moderado,0.72,"['Seu consumo está na média do seu perfil, mas ainda há espaço pra economizar.', ""Sua maior fonte de consumo é a categoria 'Banheiro': Reduza o tempo de banho e evite usar o chuveiro elétrico na potência máxima, especialmente entre 17h30-20h30.""]",3887.49,2915.62,False,711
Eficiente,0.6,"['Parabéns! Seu consumo está dentro do esperado para o seu perfil. Continue assim.', ""Sua maior fonte de consumo é a categoria 'Cozinha': Concentre o uso de forno elétrico/airfryer fora do horário de ponta da Light (17h30-20h30).""]",651.1,488.32,False,712
Moderado,0.57,"['Seu consumo está na média do seu perfil, mas ainda há espaço pra economizar.', ""Sua maior fonte de consumo é a categoria 'TI': Desligue computadores e servidores quando não estiverem em uso.""]",5616.61,4212.46,False,713
Moderado,0.52,"['Seu consumo está na média do seu perfil, mas ainda há espaço pra economizar.', ""Sua maior fonte de consumo é a categoria 'Banheiro': Reduza o tempo de banho e evite usar o chuveiro elétrico na potência máxima, especialmente entre 17h30-20h30.""]",3039.62,2279.72,False,714
Moderado,0.72,"['Seu consumo está na média do seu perfil, mas ainda há espaço pra economizar.', ""Sua maior fonte de consumo é a categoria 'Climatizacao': Ajuste o ar-condicionado para 23-24°C e evite deixá-lo ligado sem necessidade.""]",877.75,658.31,False,715
Eficiente,0.94,"['Parabéns! Seu consumo está dentro do esperado para o seu perfil. Continue assim.', ""Sua maior fonte de consumo é a categoria 'Climatizacao': Ajuste o ar-condicionado para 23-24°C e evite deixá-lo ligado sem necessidade.""]",3449.6,2587.2,False,716
Moderado,0.7,"['Seu consumo está na média do seu perfil, mas ainda há espaço pra economizar.', ""Sua maior fonte de consumo é a categoria 'Cozinha': Concentre o uso de forno elétrico/airfryer fora do horário de ponta da Light (17h30-20h30).""]",1768.57,1326.43,False,717
Ineficiente,0.47,"['Seu consumo está acima do esperado para o seu tipo de imóvel — dá pra economizar bastante.', ""Sua maior fonte de consumo é a categoria 'Climatizacao': Ajuste o ar-condicionado para 23-24°C e evite deixá-lo ligado sem necessidade.""]",5383.0,4037.25,True,718
Ineficiente,0.67,"['Seu consumo está acima do esperado para o seu tipo de imóvel — dá pra economizar bastante.', ""Sua maior fonte de consumo é a categoria 'Industrial': Distribua o uso do maquinário ao longo do dia -- evite concentrar em horário de ponta (17h30-20h30), quando a tarifa é mais alta.""]",16844.4,12633.3,True,719
Moderado,0.72,"['Seu consumo está na média do seu perfil, mas ainda há espaço pra economizar.', ""Sua maior fonte de consumo é a categoria 'Cozinha': Concentre o uso de forno elétrico/airfryer fora do horário de ponta da Light (17h30-20h30).""]",1411.32,1058.49,False,720
Moderado,0.53,"['Seu consumo está na média do seu perfil, mas ainda há espaço pra economizar.', ""Sua maior fonte de consumo é a categoria 'Banheiro': Reduza o tempo de banho e evite usar o chuveiro elétrico na potência máxima, especialmente entre 17h30-20h30.""]",3650.57,2737.93,False,721
Eficiente,0.56,"['Parabéns! Seu consumo está dentro do esperado para o seu perfil. Continue assim.', ""Sua maior fonte de consumo é a categoria 'Climatizacao': Ajuste o ar-condicionado para 23-24°C e evite deixá-lo ligado sem necessidade.""]",1083.17,812.38,False,722
Ineficiente,0.53,"['Seu consumo está acima do esperado para o seu tipo de imóvel — dá pra economizar bastante.', ""Sua maior fonte de consumo é a categoria 'Banheiro': Reduza o tempo de banho e evite usar o chuveiro elétrico na potência máxima, especialmente entre 17h30-20h30.""]",7439.42,5579.57,True,723
Eficiente,0.63,"['Parabéns! Seu consumo está dentro do esperado para o seu perfil. Continue assim.', ""Sua maior fonte de consumo é a categoria 'Cozinha': Concentre o uso de forno elétrico/airfryer fora do horário de ponta da Light (17h30-20h30).""]",817.02,612.77,False,724
Eficiente,0.48,"['Parabéns! Seu consumo está dentro do esperado para o seu perfil. Continue assim.', ""Sua maior fonte de consumo é a categoria 'TI': Desligue computadores e servidores quando não estiverem em uso.""]",7140.18,5355.13,False,725
Moderado,0.73,"['Seu consumo está na média do seu perfil, mas ainda há espaço pra economizar.', ""Sua maior fonte de consumo é a categoria 'Banheiro': Reduza o tempo de banho e evite usar o chuveiro elétrico na potência máxima, especialmente entre 17h30-20h30.""]",2667.81,2000.86,False,726
Moderado,0.71,"['Seu consumo está na média do seu perfil, mas ainda há espaço pra economizar.', ""Sua maior fonte de consumo é a categoria 'Banheiro': Reduza o tempo de banho e evite usar o chuveiro elétrico na potência máxima, especialmente entre 17h30-20h30.""]",3961.71,2971.28,False,727
Ineficiente,0.62,"['Seu consumo está acima do esperado para o seu tipo de imóvel — dá pra economizar bastante.', ""Sua maior fonte de consumo é a categoria 'Industrial': Distribua o uso do maquinário ao longo do dia -- evite concentrar em horário de ponta (17h30-20h30), quando a tarifa é mais alta.""]",9206.0,6904.5,True,728
Moderado,0.6,"['Seu consumo está na média do seu perfil, mas ainda há espaço pra economizar.', ""Sua maior fonte de consumo é a categoria 'Iluminacao': Troque lâmpadas convencionais por LED, que consomem bem menos.""]",5795.77,4346.83,False,729
Ineficiente,0.77,"['Seu consumo está acima do esperado para o seu tipo de imóvel — dá pra economizar bastante.', ""Sua maior fonte de consumo é a categoria 'TI': Desligue computadores e servidores quando não estiverem em uso.""]",8323.8,6242.85,True,730
Moderado,0.59,"['Seu consumo está na média do seu perfil, mas ainda há espaço pra economizar.', ""Sua maior fonte de consumo é a categoria 'Cozinha': Concentre o uso de forno elétrico/airfryer fora do horário de ponta da Light (17h30-20h30).""]",1207.68,905.76,False,731
Eficiente,0.94,"['Parabéns! Seu consumo está dentro do esperado para o seu perfil. Continue assim.', ""Sua maior fonte de consumo é a categoria 'Iluminacao': Troque lâmpadas convencionais por LED, que consomem bem menos.""]",1174.6,880.95,False,732
Moderado,0.64,"['Seu consumo está na média do seu perfil, mas ainda há espaço pra economizar.', ""Sua maior fonte de consumo é a categoria 'Cozinha': Concentre o uso de forno elétrico/airfryer fora do horário de ponta da Light (17h30-20h30).""]",911.7,683.77,False,733
Eficiente,0.86,"['Parabéns! Seu consumo está dentro do esperado para o seu perfil. Continue assim.', ""Sua maior fonte de consumo é a categoria 'Cozinha': Concentre o uso de forno elétrico/airfryer fora do horário de ponta da Light (17h30-20h30).""]",628.33,471.25,False,734
Eficiente,0.82,"['Parabéns! Seu consumo está dentro do esperado para o seu perfil. Continue assim.', ""Sua maior fonte de consumo é a categoria 'Climatizacao': Ajuste o ar-condicionado para 23-24°C e evite deixá-lo ligado sem necessidade.""]",90.64,67.98,False,735
Ineficiente,0.49,"['Seu consumo está acima do esperado para o seu tipo de imóvel — dá pra economizar bastante.', ""Sua maior fonte de consumo é a categoria 'TI': Desligue computadores e servidores quando não estiverem em uso.""]",10285.04,7713.78,True,736
Moderado,0.77,"['Seu consumo está na média do seu perfil, mas ainda há espaço pra economizar.', ""Sua maior fonte de consumo é a categoria 'Banheiro': Reduza o tempo de banho e evite usar o chuveiro elétrico na potência máxima, especialmente entre 17h30-20h30.""]",3527.54,2645.66,False,737
Eficiente,0.82,"['Parabéns! Seu consumo está dentro do esperado para o seu perfil. Continue assim.', ""Sua maior fonte de consumo é a categoria 'Cozinha': Concentre o uso de forno elétrico/airfryer fora do horário de ponta da Light (17h30-20h30).""]",1179.46,884.6,False,738
Moderado,0.73,"['Seu consumo está na média do seu perfil, mas ainda há espaço pra economizar.', ""Sua maior fonte de consumo é a categoria 'Climatizacao': Ajuste o ar-condicionado para 23-24°C e evite deixá-lo ligado sem necessidade.""]",2900.25,2175.19,False,739
Eficiente,0.62,"['Parabéns! Seu consumo está dentro do esperado para o seu perfil. Continue assim.', ""Sua maior fonte de consumo é a categoria 'Cozinha': Concentre o uso de forno elétrico/airfryer fora do horário de ponta da Light (17h30-20h30).""]",745.45,559.09,False,740
Eficiente,0.58,"['Parabéns! Seu consumo está dentro do esperado para o seu perfil. Continue assim.', ""Sua maior fonte de consumo é a categoria 'Climatizacao': Ajuste o ar-condicionado para 23-24°C e evite deixá-lo ligado sem necessidade.""]",2800.2,2100.15,False,741
Moderado,0.46,"['Seu consumo está na média do seu perfil, mas ainda há espaço pra economizar.', ""Sua maior fonte de consumo é a categoria 'Climatizacao': Ajuste o ar-condicionado para 23-24°C e evite deixá-lo ligado sem necessidade.""]",3970.75,2978.06,False,742
Moderado,0.53,"['Seu consumo está na média do seu perfil, mas ainda há espaço pra economizar.', ""Sua maior fonte de consumo é a categoria 'Climatizacao': Ajuste o ar-condicionado para 23-24°C e evite deixá-lo ligado sem necessidade.""]",4704.58,3528.44,False,743
Ineficiente,0.54,"['Seu consumo está acima do esperado para o seu tipo de imóvel — dá pra economizar bastante.', ""Sua maior fonte de consumo é a categoria 'Banheiro': Reduza o tempo de banho e evite usar o chuveiro elétrico na potência máxima, especialmente entre 17h30-20h30.""]",3583.84,2687.88,True,744
Moderado,0.61,"['Seu consumo está na média do seu perfil, mas ainda há espaço pra economizar.', ""Sua maior fonte de consumo é a categoria 'Banheiro': Reduza o tempo de banho e evite usar o chuveiro elétrico na potência máxima, especialmente entre 17h30-20h30.""]",3677.32,2757.99,False,745
Moderado,0.63,"['Seu consumo está na média do seu perfil, mas ainda há espaço pra economizar.', ""Sua maior fonte de consumo é a categoria 'Banheiro': Reduza o tempo de banho e evite usar o chuveiro elétrico na potência máxima, especialmente entre 17h30-20h30.""]",1389.42,1042.06,False,746
Moderado,0.74,"['Seu consumo está na média do seu perfil, mas ainda há espaço pra economizar.', ""Sua maior fonte de consumo é a categoria 'Banheiro': Reduza o tempo de banho e evite usar o chuveiro elétrico na potência máxima, especialmente entre 17h30-20h30.""]",1815.35,1361.51,False,747
Ineficiente,0.93,"['Seu consumo está acima do esperado para o seu tipo de imóvel — dá pra economizar bastante.', ""Sua maior fonte de consumo é a categoria 'Banheiro': Reduza o tempo de banho e evite usar o chuveiro elétrico na potência máxima, especialmente entre 17h30-20h30.""]",7228.19,5421.14,True,748
Eficiente,0.8,"['Parabéns! Seu consumo está dentro do esperado para o seu perfil. Continue assim.', ""Sua maior fonte de consumo é a categoria 'Climatizacao': Ajuste o ar-condicionado para 23-24°C e evite deixá-lo ligado sem necessidade.""]",4478.4,3358.8,False,749
Moderado,0.5,"['Seu consumo está na média do seu perfil, mas ainda há espaço pra economizar.', ""Sua maior fonte de consumo é a categoria 'Cozinha': Concentre o uso de forno elétrico/airfryer fora do horário de ponta da Light (17h30-20h30).""]",909.9,682.43,False,750
Moderado,0.73,"['Seu consumo está na média do seu perfil, mas ainda há espaço pra economizar.', ""Sua maior fonte de consumo é a categoria 'Cozinha': Concentre o uso de forno elétrico/airfryer fora do horário de ponta da Light (17h30-20h30).""]",2166.46,1624.85,False,751
Eficiente,0.64,"['Parabéns! Seu consumo está dentro do esperado para o seu perfil. Continue assim.', ""Sua maior fonte de consumo é a categoria 'Cozinha': Concentre o uso de forno elétrico/airfryer fora do horário de ponta da Light (17h30-20h30).""]",2347.99,1760.99,False,752
Eficiente,0.83,"['Parabéns! Seu consumo está dentro do esperado para o seu perfil. Continue assim.', ""Sua maior fonte de consumo é a categoria 'Climatizacao': Ajuste o ar-condicionado para 23-24°C e evite deixá-lo ligado sem necessidade.""]",311.52,233.64,False,753
Moderado,0.62,"['Seu consumo está na média do seu perfil, mas ainda há espaço pra economizar.', ""Sua maior fonte de consumo é a categoria 'Cozinha': Concentre o uso de forno elétrico/airfryer fora do horário de ponta da Light (17h30-20h30).""]",1998.98,1499.23,False,754
Moderado,0.53,"['Seu consumo está na média do seu perfil, mas ainda há espaço pra economizar.', ""Sua maior fonte de consumo é a categoria 'Industrial': Distribua o uso do maquinário ao longo do dia -- evite concentrar em horário de ponta (17h30-20h30), quando a tarifa é mais alta.""]",14436.2,10827.15,False,755
Ineficiente,0.59,"['Seu consumo está acima do esperado para o seu tipo de imóvel — dá pra economizar bastante.', ""Sua maior fonte de consumo é a categoria 'Iluminacao': Troque lâmpadas convencionais por LED, que consomem bem menos.""]",7273.23,5454.92,True,756
Ineficiente,0.79,"['Seu consumo está acima do esperado para o seu tipo de imóvel — dá pra economizar bastante.', ""Sua maior fonte de consumo é a categoria 'Industrial': Distribua o uso do maquinário ao longo do dia -- evite concentrar em horário de ponta (17h30-20h30), quando a tarifa é mais alta.""]",24193.44,18145.08,True,757
Eficiente,0.52,"['Parabéns! Seu consumo está dentro do esperado para o seu perfil. Continue assim.', ""Sua maior fonte de consumo é a categoria 'Climatizacao': Ajuste o ar-condicionado para 23-24°C e evite deixá-lo ligado sem necessidade.""]",808.38,606.29,False,758
Moderado,0.65,"['Seu consumo está na média do seu perfil, mas ainda há espaço pra economizar.', ""Sua maior fonte de consumo é a categoria 'Banheiro': Reduza o tempo de banho e evite usar o chuveiro elétrico na potência máxima, especialmente entre 17h30-20h30.""]",2062.13,1546.6,False,759
Moderado,0.7,"['Seu consumo está na média do seu perfil, mas ainda há espaço pra economizar.', ""Sua maior fonte de consumo é a categoria 'Banheiro': Reduza o tempo de banho e evite usar o chuveiro elétrico na potência máxima, especialmente entre 17h30-20h30.""]",3733.14,2799.86,False,760
Ineficiente,0.95,"['Seu consumo está acima do esperado para o seu tipo de imóvel — dá pra economizar bastante.', ""Sua maior fonte de consumo é a categoria 'Banheiro': Reduza o tempo de banho e evite usar o chuveiro elétrico na potência máxima, especialmente entre 17h30-20h30.""]",5009.97,3757.48,True,761
Moderado,0.56,"['Seu consumo está na média do seu perfil, mas ainda há espaço pra economizar.', ""Sua maior fonte de consumo é a categoria 'TI': Desligue computadores e servidores quando não estiverem em uso.""]",8280.54,6210.41,False,762
Moderado,0.65,"['Seu consumo está na média do seu perfil, mas ainda há espaço pra economizar.', ""Sua maior fonte de consumo é a categoria 'Banheiro': Reduza o tempo de banho e evite usar o chuveiro elétrico na potência máxima, especialmente entre 17h30-20h30.""]",1786.85,1340.14,False,763
Moderado,0.76,"['Seu consumo está na média do seu perfil, mas ainda há espaço pra economizar.', ""Sua maior fonte de consumo é a categoria 'Cozinha': Concentre o uso de forno elétrico/airfryer fora do horário de ponta da Light (17h30-20h30).""]",2358.15,1768.61,False,764
Ineficiente,0.58,"['Seu consumo está acima do esperado para o seu tipo de imóvel — dá pra economizar bastante.', ""Sua maior fonte de consumo é a categoria 'Banheiro': Reduza o tempo de banho e evite usar o chuveiro elétrico na potência máxima, especialmente entre 17h30-20h30.""]",3216.7,2412.52,True,765
Moderado,0.68,"['Seu consumo está na média do seu perfil, mas ainda há espaço pra economizar.', ""Sua maior fonte de consumo é a categoria 'Banheiro': Reduza o tempo de banho e evite usar o chuveiro elétrico na potência máxima, especialmente entre 17h30-20h30.""]",1790.8,1343.1,False,766
Eficiente,0.79,"['Parabéns! Seu consumo está dentro do esperado para o seu perfil. Continue assim.', ""Sua maior fonte de consumo é a categoria 'TI': Desligue computadores e servidores quando não estiverem em uso.""]",3601.62,2701.22,False,767
Eficiente,0.73,"['Parabéns! Seu consumo está dentro do esperado para o seu perfil. Continue assim.', ""Sua maior fonte de consumo é a categoria 'Cozinha': Concentre o uso de forno elétrico/airfryer fora do horário de ponta da Light (17h30-20h30).""]",356.34,267.26,False,768
Moderado,0.77,"['Seu consumo está na média do seu perfil, mas ainda há espaço pra economizar.', ""Sua maior fonte de consumo é a categoria 'Banheiro': Reduza o tempo de banho e evite usar o chuveiro elétrico na potência máxima, especialmente entre 17h30-20h30.""]",1948.3,1461.22,False,769
Moderado,0.82,"['Seu consumo está na média do seu perfil, mas ainda há espaço pra economizar.', ""Sua maior fonte de consumo é a categoria 'Cozinha': Concentre o uso de forno elétrico/airfryer fora do horário de ponta da Light (17h30-20h30).""]",2390.5,1792.88,False,770
Moderado,0.77,"['Seu consumo está na média do seu perfil, mas ainda há espaço pra economizar.', ""Sua maior fonte de consumo é a categoria 'Cozinha': Concentre o uso de forno elétrico/airfryer fora do horário de ponta da Light (17h30-20h30).""]",2054.66,1541.0,False,771
Moderado,0.59,"['Seu consumo está na média do seu perfil, mas ainda há espaço pra economizar.', ""Sua maior fonte de consumo é a categoria 'TI': Desligue computadores e servidores quando não estiverem em uso.""]",6050.46,4537.84,False,772
Moderado,0.45,"['Seu consumo está na média do seu perfil, mas ainda há espaço pra economizar.', ""Sua maior fonte de consumo é a categoria 'TI': Desligue computadores e servidores quando não estiverem em uso.""]",4650.56,3487.92,False,773
Eficiente,0.9,"['Parabéns! Seu consumo está dentro do esperado para o seu perfil. Continue assim.', ""Sua maior fonte de consumo é a categoria 'TI': Desligue computadores e servidores quando não estiverem em uso.""]",8800.0,6600.0,False,774
Moderado,0.46,"['Seu consumo está na média do seu perfil, mas ainda há espaço pra economizar.', ""Sua maior fonte de consumo é a categoria 'TI': Desligue computadores e servidores quando não estiverem em uso.""]",5123.1,3842.32,False,775
Eficiente,0.73,"['Parabéns! Seu consumo está dentro do esperado para o seu perfil. Continue assim.', ""Sua maior fonte de consumo é a categoria 'Cozinha': Concentre o uso de forno elétrico/airfryer fora do horário de ponta da Light (17h30-20h30).""]",869.5,652.12,False,776
Ineficiente,0.49,"['Seu consumo está acima do esperado para o seu tipo de imóvel — dá pra economizar bastante.', ""Sua maior fonte de consumo é a categoria 'TI': Desligue computadores e servidores quando não estiverem em uso.""]",5302.31,3976.73,True,777
Eficiente,0.81,"['Parabéns! Seu consumo está dentro do esperado para o seu perfil. Continue assim.', ""Sua maior fonte de consumo é a categoria 'TI': Desligue computadores e servidores quando não estiverem em uso.""]",344.4,258.3,False,778
Moderado,0.83,"['Seu consumo está na média do seu perfil, mas ainda há espaço pra economizar.', ""Sua maior fonte de consumo é a categoria 'Banheiro': Reduza o tempo de banho e evite usar o chuveiro elétrico na potência máxima, especialmente entre 17h30-20h30.""]",3428.4,2571.3,False,779
Eficiente,0.68,"['Parabéns! Seu consumo está dentro do esperado para o seu perfil. Continue assim.', ""Sua maior fonte de consumo é a categoria 'TI': Desligue computadores e servidores quando não estiverem em uso.""]",5986.46,4489.85,False,780
Moderado,0.73,"['Seu consumo está na média do seu perfil, mas ainda há espaço pra economizar.', ""Sua maior fonte de consumo é a categoria 'Cozinha': Concentre o uso de forno elétrico/airfryer fora do horário de ponta da Light (17h30-20h30).""]",2127.18,1595.38,False,781
Eficiente,0.96,"['Parabéns! Seu consumo está dentro do esperado para o seu perfil. Continue assim.', ""Sua maior fonte de consumo é a categoria 'TI': Desligue computadores e servidores quando não estiverem em uso.""]",7487.28,5615.46,False,782
Moderado,0.8,"['Seu consumo está na média do seu perfil, mas ainda há espaço pra economizar.', ""Sua maior fonte de consumo é a categoria 'Banheiro': Reduza o tempo de banho e evite usar o chuveiro elétrico na potência máxima, especialmente entre 17h30-20h30.""]",2222.57,1666.93,False,783
Eficiente,0.71,"['Parabéns! Seu consumo está dentro do esperado para o seu perfil. Continue assim.', ""Sua maior fonte de consumo é a categoria 'Iluminacao': Troque lâmpadas convencionais por LED, que consomem bem menos.""]",6863.81,5147.86,False,784
Eficiente,0.6,"['Parabéns! Seu consumo está dentro do esperado para o seu perfil. Continue assim.', ""Sua maior fonte de consumo é a categoria 'TI': Desligue computadores e servidores quando não estiverem em uso.""]",8378.82,6284.12,False,785
Moderado,0.51,"['Seu consumo está na média do seu perfil, mas ainda há espaço pra economizar.', ""Sua maior fonte de consumo é a categoria 'TI': Desligue computadores e servidores quando não estiverem em uso.""]",10532.55,7899.41,False,786
Eficiente,0.9,"['Parabéns! Seu consumo está dentro do esperado para o seu perfil. Continue assim.', ""Sua maior fonte de consumo é a categoria 'TI': Desligue computadores e servidores quando não estiverem em uso.""]",3793.38,2845.04,False,787
Eficiente,0.48,"['Parabéns! Seu consumo está dentro do esperado para o seu perfil. Continue assim.', ""Sua maior fonte de consumo é a categoria 'TI': Desligue computadores e servidores quando não estiverem em uso.""]",1783.08,1337.31,False,788
Eficiente,0.85,"['Parabéns! Seu consumo está dentro do esperado para o seu perfil. Continue assim.', ""Sua maior fonte de consumo é a categoria 'Cozinha': Concentre o uso de forno elétrico/airfryer fora do horário de ponta da Light (17h30-20h30).""]",1628.52,1221.39,False,789
Moderado,0.66,"['Seu consumo está na média do seu perfil, mas ainda há espaço pra economizar.', ""Sua maior fonte de consumo é a categoria 'Cozinha': Concentre o uso de forno elétrico/airfryer fora do horário de ponta da Light (17h30-20h30).""]",1369.67,1027.25,False,790
Moderado,0.71,"['Seu consumo está na média do seu perfil, mas ainda há espaço pra economizar.', ""Sua maior fonte de consumo é a categoria 'Banheiro': Reduza o tempo de banho e evite usar o chuveiro elétrico na potência máxima, especialmente entre 17h30-20h30.""]",2304.44,1728.33,False,791
Ineficiente,0.68,"['Seu consumo está acima do esperado para o seu tipo de imóvel — dá pra economizar bastante.', ""Sua maior fonte de consumo é a categoria 'TI': Desligue computadores e servidores quando não estiverem em uso.""]",8584.92,6438.69,True,792
Moderado,0.7,"['Seu consumo está na média do seu perfil, mas ainda há espaço pra economizar.', ""Sua maior fonte de consumo é a categoria 'Cozinha': Concentre o uso de forno elétrico/airfryer fora do horário de ponta da Light (17h30-20h30).""]",1217.54,913.16,False,793
Moderado,0.59,"['Seu consumo está na média do seu perfil, mas ainda há espaço pra economizar.', ""Sua maior fonte de consumo é a categoria 'TI': Desligue computadores e servidores quando não estiverem em uso.""]",5467.52,4100.64,False,794
Moderado,0.76,"['Seu consumo está na média do seu perfil, mas ainda há espaço pra economizar.', ""Sua maior fonte de consumo é a categoria 'Banheiro': Reduza o tempo de banho e evite usar o chuveiro elétrico na potência máxima, especialmente entre 17h30-20h30.""]",1693.05,1269.79,False,795
Moderado,0.71,"['Seu consumo está na média do seu perfil, mas ainda há espaço pra economizar.', ""Sua maior fonte de consumo é a categoria 'Banheiro': Reduza o tempo de banho e evite usar o chuveiro elétrico na potência máxima, especialmente entre 17h30-20h30.""]",2695.24,2021.43,False,796
Moderado,0.59,"['Seu consumo está na média do seu perfil, mas ainda há espaço pra economizar.', ""Sua maior fonte de consumo é a categoria 'Climatizacao': Ajuste o ar-condicionado para 23-24°C e evite deixá-lo ligado sem necessidade.""]",2942.54,2206.91,False,797
Moderado,0.72,"['Seu consumo está na média do seu perfil, mas ainda há espaço pra economizar.', ""Sua maior fonte de consumo é a categoria 'Banheiro': Reduza o tempo de banho e evite usar o chuveiro elétrico na potência máxima, especialmente entre 17h30-20h30.""]",2487.0,1865.25,False,798
Moderado,0.69,"['Seu consumo está na média do seu perfil, mas ainda há espaço pra economizar.', ""Sua maior fonte de consumo é a categoria 'Banheiro': Reduza o tempo de banho e evite usar o chuveiro elétrico na potência máxima, especialmente entre 17h30-20h30.""]",2323.13,1742.35,False,799
Moderado,0.7,"['Seu consumo está na média do seu perfil, mas ainda há espaço pra economizar.', ""Sua maior fonte de consumo é a categoria 'Banheiro': Reduza o tempo de banho e evite usar o chuveiro elétrico na potência máxima, especialmente entre 17h30-20h30.""]",3834.72,2876.04,False,800
Eficiente,0.63,"['Parabéns! Seu consumo está dentro do esperado para o seu perfil. Continue assim.', ""Sua maior fonte de consumo é a categoria 'TI': Desligue computadores e servidores quando não estiverem em uso.""]",8316.24,6237.18,False,801
Moderado,0.49,"['Seu consumo está na média do seu perfil, mas ainda há espaço pra economizar.', ""Sua maior fonte de consumo é a categoria 'Iluminacao': Troque lâmpadas convencionais por LED, que consomem bem menos.""]",2684.96,2013.72,False,802
Moderado,0.6,"['Seu consumo está na média do seu perfil, mas ainda há espaço pra economizar.', ""Sua maior fonte de consumo é a categoria 'Cozinha': Concentre o uso de forno elétrico/airfryer fora do horário de ponta da Light (17h30-20h30).""]",2016.36,1512.27,False,803
Moderado,0.76,"['Seu consumo está na média do seu perfil, mas ainda há espaço pra economizar.', ""Sua maior fonte de consumo é a categoria 'Banheiro': Reduza o tempo de banho e evite usar o chuveiro elétrico na potência máxima, especialmente entre 17h30-20h30.""]",3700.44,2775.33,False,804
Eficiente,0.55,"['Parabéns! Seu consumo está dentro do esperado para o seu perfil. Continue assim.', ""Sua maior fonte de consumo é a categoria 'Cozinha': Concentre o uso de forno elétrico/airfryer fora do horário de ponta da Light (17h30-20h30).""]",421.18,315.89,False,805
Moderado,0.47,"['Seu consumo está na média do seu perfil, mas ainda há espaço pra economizar.', ""Sua maior fonte de consumo é a categoria 'Climatizacao': Ajuste o ar-condicionado para 23-24°C e evite deixá-lo ligado sem necessidade.""]",4061.21,3045.91,False,806
Moderado,0.52,"['Seu consumo está na média do seu perfil, mas ainda há espaço pra economizar.', ""Sua maior fonte de consumo é a categoria 'TI': Desligue computadores e servidores quando não estiverem em uso.""]",6696.89,5022.67,False,807
Eficiente,0.84,"['Parabéns! Seu consumo está dentro do esperado para o seu perfil. Continue assim.', ""Sua maior fonte de consumo é a categoria 'Entretenimento': Evite deixar TV e videogame em modo standby por longos períodos.""]",219.45,164.59,False,808
Moderado,0.84,"['Seu consumo está na média do seu perfil, mas ainda há espaço pra economizar.', ""Sua maior fonte de consumo é a categoria 'Banheiro': Reduza o tempo de banho e evite usar o chuveiro elétrico na potência máxima, especialmente entre 17h30-20h30.""]",3577.3,2682.98,False,809
Eficiente,0.82,"['Parabéns! Seu consumo está dentro do esperado para o seu perfil. Continue assim.', ""Sua maior fonte de consumo é a categoria 'Cozinha': Concentre o uso de forno elétrico/airfryer fora do horário de ponta da Light (17h30-20h30).""]",897.33,673.0,False,810
Moderado,0.45,"['Seu consumo está na média do seu perfil, mas ainda há espaço pra economizar.', ""Sua maior fonte de consumo é a categoria 'Iluminacao': Troque lâmpadas convencionais por LED, que consomem bem menos.""]",3192.66,2394.5,False,811
Ineficiente,0.79,"['Seu consumo está acima do esperado para o seu tipo de imóvel — dá pra economizar bastante.', ""Sua maior fonte de consumo é a categoria 'TI': Desligue computadores e servidores quando não estiverem em uso.""]",8839.14,6629.36,True,812
Ineficiente,0.93,"['Seu consumo está acima do esperado para o seu tipo de imóvel — dá pra economizar bastante.', ""Sua maior fonte de consumo é a categoria 'Banheiro': Reduza o tempo de banho e evite usar o chuveiro elétrico na potência máxima, especialmente entre 17h30-20h30.""]",3656.58,2742.43,True,813
Ineficiente,0.8,"['Seu consumo está acima do esperado para o seu tipo de imóvel — dá pra economizar bastante.', ""Sua maior fonte de consumo é a categoria 'Banheiro': Reduza o tempo de banho e evite usar o chuveiro elétrico na potência máxima, especialmente entre 17h30-20h30.""]",7031.5,5273.62,True,814
Moderado,0.77,"['Seu consumo está na média do seu perfil, mas ainda há espaço pra economizar.', ""Sua maior fonte de consumo é a categoria 'Climatizacao': Ajuste o ar-condicionado para 23-24°C e evite deixá-lo ligado sem necessidade.""]",1596.83,1197.62,False,815
Ineficiente,0.93,"['Seu consumo está acima do esperado para o seu tipo de imóvel — dá pra economizar bastante.', ""Sua maior fonte de consumo é a categoria 'Industrial': Distribua o uso do maquinário ao longo do dia -- evite concentrar em horário de ponta (17h30-20h30), quando a tarifa é mais alta.""]",25567.73,19175.8,True,816
Moderado,0.81,"['Seu consumo está na média do seu perfil, mas ainda há espaço pra economizar.', ""Sua maior fonte de consumo é a categoria 'Cozinha': Concentre o uso de forno elétrico/airfryer fora do horário de ponta da Light (17h30-20h30).""]",3276.95,2457.71,False,817
Eficiente,0.9,"['Parabéns! Seu consumo está dentro do esperado para o seu perfil. Continue assim.', ""Sua maior fonte de consumo é a categoria 'Climatizacao': Ajuste o ar-condicionado para 23-24°C e evite deixá-lo ligado sem necessidade.""]",1434.56,1075.92,False,818
Moderado,0.58,"['Seu consumo está na média do seu perfil, mas ainda há espaço pra economizar.', ""Sua maior fonte de consumo é a categoria 'TI': Desligue computadores e servidores quando não estiverem em uso.""]",3597.46,2698.1,False,819
Moderado,0.67,"['Seu consumo está na média do seu perfil, mas ainda há espaço pra economizar.', ""Sua maior fonte de consumo é a categoria 'Banheiro': Reduza o tempo de banho e evite usar o chuveiro elétrico na potência máxima, especialmente entre 17h30-20h30.""]",3066.3,2299.72,False,820
Moderado,0.64,"['Seu consumo está na média do seu perfil, mas ainda há espaço pra economizar.', ""Sua maior fonte de consumo é a categoria 'Cozinha': Concentre o uso de forno elétrico/airfryer fora do horário de ponta da Light (17h30-20h30).""]",831.79,623.84,False,821
Moderado,0.6,"['Seu consumo está na média do seu perfil, mas ainda há espaço pra economizar.', ""Sua maior fonte de consumo é a categoria 'Cozinha': Concentre o uso de forno elétrico/airfryer fora do horário de ponta da Light (17h30-20h30).""]",1996.31,1497.23,False,822
Eficiente,0.68,"['Parabéns! Seu consumo está dentro do esperado para o seu perfil. Continue assim.', ""Sua maior fonte de consumo é a categoria 'TI': Desligue computadores e servidores quando não estiverem em uso.""]",4163.24,3122.43,False,823
Moderado,0.49,"['Seu consumo está na média do seu perfil, mas ainda há espaço pra economizar.', ""Sua maior fonte de consumo é a categoria 'Climatizacao': Ajuste o ar-condicionado para 23-24°C e evite deixá-lo ligado sem necessidade.""]",9952.03,7464.02,False,824
Eficiente,0.88,"['Parabéns! Seu consumo está dentro do esperado para o seu perfil. Continue assim.', ""Sua maior fonte de consumo é a categoria 'Iluminacao': Troque lâmpadas convencionais por LED, que consomem bem menos.""]",596.09,447.06,False,825
Moderado,0.66,"['Seu consumo está na média do seu perfil, mas ainda há espaço pra economizar.', ""Sua maior fonte de consumo é a categoria 'Banheiro': Reduza o tempo de banho e evite usar o chuveiro elétrico na potência máxima, especialmente entre 17h30-20h30.""]",4103.51,3077.63,False,826
Moderado,0.67,"['Seu consumo está na média do seu perfil, mas ainda há espaço pra economizar.', ""Sua maior fonte de consumo é a categoria 'Banheiro': Reduza o tempo de banho e evite usar o chuveiro elétrico na potência máxima, especialmente entre 17h30-20h30.""]",3795.17,2846.37,False,827
Eficiente,0.88,"['Parabéns! Seu consumo está dentro do esperado para o seu perfil. Continue assim.', ""Sua maior fonte de consumo é a categoria 'Industrial': Distribua o uso do maquinário ao longo do dia -- evite concentrar em horário de ponta (17h30-20h30), quando a tarifa é mais alta.""]",3316.25,2487.19,False,828
Ineficiente,0.57,"['Seu consumo está acima do esperado para o seu tipo de imóvel — dá pra economizar bastante.', ""Sua maior fonte de consumo é a categoria 'TI': Desligue computadores e servidores quando não estiverem em uso.""]",7702.42,5776.82,True,829
Moderado,0.78,"['Seu consumo está na média do seu perfil, mas ainda há espaço pra economizar.', ""Sua maior fonte de consumo é a categoria 'Banheiro': Reduza o tempo de banho e evite usar o chuveiro elétrico na potência máxima, especialmente entre 17h30-20h30.""]",602.23,451.67,False,830
Ineficiente,0.53,"['Seu consumo está acima do esperado para o seu tipo de imóvel — dá pra economizar bastante.', ""Sua maior fonte de consumo é a categoria 'Industrial': Distribua o uso do maquinário ao longo do dia -- evite concentrar em horário de ponta (17h30-20h30), quando a tarifa é mais alta.""]",18695.6,14021.7,True,831
Ineficiente,0.92,"['Seu consumo está acima do esperado para o seu tipo de imóvel — dá pra economizar bastante.', ""Sua maior fonte de consumo é a categoria 'TI': Desligue computadores e servidores quando não estiverem em uso.""]",7804.26,5853.2,True,832
Ineficiente,0.96,"['Seu consumo está acima do esperado para o seu tipo de imóvel — dá pra economizar bastante.', ""Sua maior fonte de consumo é a categoria 'Banheiro': Reduza o tempo de banho e evite usar o chuveiro elétrico na potência máxima, especialmente entre 17h30-20h30.""]",5542.72,4157.04,True,833
Eficiente,0.44,"['Parabéns! Seu consumo está dentro do esperado para o seu perfil. Continue assim.', ""Sua maior fonte de consumo é a categoria 'TI': Desligue computadores e servidores quando não estiverem em uso.""]",4110.03,3082.52,False,834
Moderado,0.5,"['Seu consumo está na média do seu perfil, mas ainda há espaço pra economizar.', ""Sua maior fonte de consumo é a categoria 'Iluminacao': Troque lâmpadas convencionais por LED, que consomem bem menos.""]",3221.26,2415.94,False,835
Eficiente,0.5,"['Parabéns! Seu consumo está dentro do esperado para o seu perfil. Continue assim.', ""Sua maior fonte de consumo é a categoria 'Climatizacao': Ajuste o ar-condicionado para 23-24°C e evite deixá-lo ligado sem necessidade.""]",6045.81,4534.35,False,836
Moderado,0.61,"['Seu consumo está na média do seu perfil, mas ainda há espaço pra economizar.', ""Sua maior fonte de consumo é a categoria 'Climatizacao': Ajuste o ar-condicionado para 23-24°C e evite deixá-lo ligado sem necessidade.""]",1099.8,824.85,False,837
Moderado,0.81,"['Seu consumo está na média do seu perfil, mas ainda há espaço pra economizar.', ""Sua maior fonte de consumo é a categoria 'Banheiro': Reduza o tempo de banho e evite usar o chuveiro elétrico na potência máxima, especialmente entre 17h30-20h30.""]",2355.89,1766.92,False,838
Moderado,0.54,"['Seu consumo está na média do seu perfil, mas ainda há espaço pra economizar.', ""Sua maior fonte de consumo é a categoria 'Industrial': Distribua o uso do maquinário ao longo do dia -- evite concentrar em horário de ponta (17h30-20h30), quando a tarifa é mais alta.""]",9708.0,7281.0,False,839
Moderado,0.81,"['Seu consumo está na média do seu perfil, mas ainda há espaço pra economizar.', ""Sua maior fonte de consumo é a categoria 'Cozinha': Concentre o uso de forno elétrico/airfryer fora do horário de ponta da Light (17h30-20h30).""]",2422.98,1817.23,False,840
Eficiente,0.6,"['Parabéns! Seu consumo está dentro do esperado para o seu perfil. Continue assim.', ""Sua maior fonte de consumo é a categoria 'Cozinha': Concentre o uso de forno elétrico/airfryer fora do horário de ponta da Light (17h30-20h30).""]",290.34,217.76,False,841
Eficiente,0.85,"['Parabéns! Seu consumo está dentro do esperado para o seu perfil. Continue assim.', ""Sua maior fonte de consumo é a categoria 'Cozinha': Concentre o uso de forno elétrico/airfryer fora do horário de ponta da Light (17h30-20h30).""]",624.84,468.63,False,842
Moderado,0.8,"['Seu consumo está na média do seu perfil, mas ainda há espaço pra economizar.', ""Sua maior fonte de consumo é a categoria 'Banheiro': Reduza o tempo de banho e evite usar o chuveiro elétrico na potência máxima, especialmente entre 17h30-20h30.""]",1948.66,1461.5,False,843
Eficiente,0.8,"['Parabéns! Seu consumo está dentro do esperado para o seu perfil. Continue assim.', ""Sua maior fonte de consumo é a categoria 'Cozinha': Concentre o uso de forno elétrico/airfryer fora do horário de ponta da Light (17h30-20h30).""]",823.26,617.45,False,844
Eficiente,0.86,"['Parabéns! Seu consumo está dentro do esperado para o seu perfil. Continue assim.', ""Sua maior fonte de consumo é a categoria 'Industrial': Distribua o uso do maquinário ao longo do dia -- evite concentrar em horário de ponta (17h30-20h30), quando a tarifa é mais alta.""]",6580.5,4935.37,False,845
Eficiente,0.61,"['Parabéns! Seu consumo está dentro do esperado para o seu perfil. Continue assim.', ""Sua maior fonte de consumo é a categoria 'Cozinha': Concentre o uso de forno elétrico/airfryer fora do horário de ponta da Light (17h30-20h30).""]",1385.29,1038.97,False,846
Moderado,0.57,"['Seu consumo está na média do seu perfil, mas ainda há espaço pra economizar.', ""Sua maior fonte de consumo é a categoria 'Banheiro': Reduza o tempo de banho e evite usar o chuveiro elétrico na potência máxima, especialmente entre 17h30-20h30.""]",996.82,747.62,False,847
Moderado,0.59,"['Seu consumo está na média do seu perfil, mas ainda há espaço pra economizar.', ""Sua maior fonte de consumo é a categoria 'Banheiro': Reduza o tempo de banho e evite usar o chuveiro elétrico na potência máxima, especialmente entre 17h30-20h30.""]",4310.65,3232.99,False,848
Ineficiente,0.7,"['Seu consumo está acima do esperado para o seu tipo de imóvel — dá pra economizar bastante.', ""Sua maior fonte de consumo é a categoria 'TI': Desligue computadores e servidores quando não estiverem em uso.""]",5984.53,4488.4,True,849
Moderado,0.47,"['Seu consumo está na média do seu perfil, mas ainda há espaço pra economizar.', ""Sua maior fonte de consumo é a categoria 'TI': Desligue computadores e servidores quando não estiverem em uso.""]",7181.21,5385.91,False,850
Moderado,0.59,"['Seu consumo está na média do seu perfil, mas ainda há espaço pra economizar.', ""Sua maior fonte de consumo é a categoria 'Banheiro': Reduza o tempo de banho e evite usar o chuveiro elétrico na potência máxima, especialmente entre 17h30-20h30.""]",3142.48,2356.86,False,851
Moderado,0.45,"['Seu consumo está na média do seu perfil, mas ainda há espaço pra economizar.', ""Sua maior fonte de consumo é a categoria 'Iluminacao': Troque lâmpadas convencionais por LED, que consomem bem menos.""]",4011.67,3008.75,False,852
Moderado,0.39,"['Seu consumo está na média do seu perfil, mas ainda há espaço pra economizar.', ""Sua maior fonte de consumo é a categoria 'Iluminacao': Troque lâmpadas convencionais por LED, que consomem bem menos.""]",3292.93,2469.7,False,853
Eficiente,0.83,"['Parabéns! Seu consumo está dentro do esperado para o seu perfil. Continue assim.', ""Sua maior fonte de consumo é a categoria 'Climatizacao': Ajuste o ar-condicionado para 23-24°C e evite deixá-lo ligado sem necessidade.""]",2754.62,2065.96,False,854
Ineficiente,0.57,"['Seu consumo está acima do esperado para o seu tipo de imóvel — dá pra economizar bastante.', ""Sua maior fonte de consumo é a categoria 'Industrial': Distribua o uso do maquinário ao longo do dia -- evite concentrar em horário de ponta (17h30-20h30), quando a tarifa é mais alta.""]",26696.5,20022.38,True,855
Moderado,0.76,"['Seu consumo está na média do seu perfil, mas ainda há espaço pra economizar.', ""Sua maior fonte de consumo é a categoria 'Climatizacao': Ajuste o ar-condicionado para 23-24°C e evite deixá-lo ligado sem necessidade.""]",2105.0,1578.75,False,856
Ineficiente,0.67,"['Seu consumo está acima do esperado para o seu tipo de imóvel — dá pra economizar bastante.', ""Sua maior fonte de consumo é a categoria 'TI': Desligue computadores e servidores quando não estiverem em uso.""]",11086.04,8314.53,True,857
Ineficiente,0.59,"['Seu consumo está acima do esperado para o seu tipo de imóvel — dá pra economizar bastante.', ""Sua maior fonte de consumo é a categoria 'Banheiro': Reduza o tempo de banho e evite usar o chuveiro elétrico na potência máxima, especialmente entre 17h30-20h30.""]",6022.62,4516.96,True,858
Ineficiente,0.43,"['Seu consumo está acima do esperado para o seu tipo de imóvel — dá pra economizar bastante.', ""Sua maior fonte de consumo é a categoria 'TI': Desligue computadores e servidores quando não estiverem em uso.""]",4938.66,3704.0,True,859
Ineficiente,0.76,"['Seu consumo está acima do esperado para o seu tipo de imóvel — dá pra economizar bastante.', ""Sua maior fonte de consumo é a categoria 'TI': Desligue computadores e servidores quando não estiverem em uso.""]",9744.73,7308.55,True,860
Eficiente,0.85,"['Parabéns! Seu consumo está dentro do esperado para o seu perfil. Continue assim.', ""Sua maior fonte de consumo é a categoria 'Climatizacao': Ajuste o ar-condicionado para 23-24°C e evite deixá-lo ligado sem necessidade.""]",2252.34,1689.26,False,861
Ineficiente,0.56,"['Seu consumo está acima do esperado para o seu tipo de imóvel — dá pra economizar bastante.', ""Sua maior fonte de consumo é a categoria 'TI': Desligue computadores e servidores quando não estiverem em uso.""]",6641.32,4980.99,True,862
Ineficiente,0.92,"['Seu consumo está acima do esperado para o seu tipo de imóvel — dá pra economizar bastante.', ""Sua maior fonte de consumo é a categoria 'Banheiro': Reduza o tempo de banho e evite usar o chuveiro elétrico na potência máxima, especialmente entre 17h30-20h30.""]",3718.43,2788.82,True,863
Moderado,0.69,"['Seu consumo está na média do seu perfil, mas ainda há espaço pra economizar.', ""Sua maior fonte de consumo é a categoria 'Banheiro': Reduza o tempo de banho e evite usar o chuveiro elétrico na potência máxima, especialmente entre 17h30-20h30.""]",12646.08,9484.56,False,864
Moderado,0.55,"['Seu consumo está na média do seu perfil, mas ainda há espaço pra economizar.', ""Sua maior fonte de consumo é a categoria 'Industrial': Distribua o uso do maquinário ao longo do dia -- evite concentrar em horário de ponta (17h30-20h30), quando a tarifa é mais alta.""]",15247.9,11435.92,False,865
Moderado,0.56,"['Seu consumo está na média do seu perfil, mas ainda há espaço pra economizar.', ""Sua maior fonte de consumo é a categoria 'Climatizacao': Ajuste o ar-condicionado para 23-24°C e evite deixá-lo ligado sem necessidade.""]",9402.56,7051.92,False,866
Eficiente,0.73,"['Parabéns! Seu consumo está dentro do esperado para o seu perfil. Continue assim.', ""Sua maior fonte de consumo é a categoria 'Cozinha': Concentre o uso de forno elétrico/airfryer fora do horário de ponta da Light (17h30-20h30).""]",696.53,522.4,False,867
Ineficiente,0.54,"['Seu consumo está acima do esperado para o seu tipo de imóvel — dá pra economizar bastante.', ""Sua maior fonte de consumo é a categoria 'Banheiro': Reduza o tempo de banho e evite usar o chuveiro elétrico na potência máxima, especialmente entre 17h30-20h30.""]",7340.6,5505.45,True,868
Moderado,0.77,"['Seu consumo está na média do seu perfil, mas ainda há espaço pra economizar.', ""Sua maior fonte de consumo é a categoria 'Banheiro': Reduza o tempo de banho e evite usar o chuveiro elétrico na potência máxima, especialmente entre 17h30-20h30.""]",1845.0,1383.75,False,869
Eficiente,0.76,"['Parabéns! Seu consumo está dentro do esperado para o seu perfil. Continue assim.', ""Sua maior fonte de consumo é a categoria 'Iluminacao': Troque lâmpadas convencionais por LED, que consomem bem menos.""]",3695.08,2771.31,False,870
Ineficiente,0.62,"['Seu consumo está acima do esperado para o seu tipo de imóvel — dá pra economizar bastante.', ""Sua maior fonte de consumo é a categoria 'Climatizacao': Ajuste o ar-condicionado para 23-24°C e evite deixá-lo ligado sem necessidade.""]",7460.18,5595.13,True,871
Moderado,0.75,"['Seu consumo está na média do seu perfil, mas ainda há espaço pra economizar.', ""Sua maior fonte de consumo é a categoria 'Banheiro': Reduza o tempo de banho e evite usar o chuveiro elétrico na potência máxima, especialmente entre 17h30-20h30.""]",2252.9,1689.67,False,872
Eficiente,0.82,"['Parabéns! Seu consumo está dentro do esperado para o seu perfil. Continue assim.', ""Sua maior fonte de consumo é a categoria 'Cozinha': Concentre o uso de forno elétrico/airfryer fora do horário de ponta da Light (17h30-20h30).""]",493.75,370.31,False,873
Moderado,0.47,"['Seu consumo está na média do seu perfil, mas ainda há espaço pra economizar.', ""Sua maior fonte de consumo é a categoria 'Climatizacao': Ajuste o ar-condicionado para 23-24°C e evite deixá-lo ligado sem necessidade.""]",4732.79,3549.6,False,874
Ineficiente,0.65,"['Seu consumo está acima do esperado para o seu tipo de imóvel — dá pra economizar bastante.', ""Sua maior fonte de consumo é a categoria 'TI': Desligue computadores e servidores quando não estiverem em uso.""]",9016.18,6762.14,True,875
Moderado,0.56,"['Seu consumo está na média do seu perfil, mas ainda há espaço pra economizar.', ""Sua maior fonte de consumo é a categoria 'Cozinha': Concentre o uso de forno elétrico/airfryer fora do horário de ponta da Light (17h30-20h30).""]",1463.95,1097.96,False,876
Moderado,0.83,"['Seu consumo está na média do seu perfil, mas ainda há espaço pra economizar.', ""Sua maior fonte de consumo é a categoria 'Banheiro': Reduza o tempo de banho e evite usar o chuveiro elétrico na potência máxima, especialmente entre 17h30-20h30.""]",1445.12,1083.84,False,877
Moderado,0.55,"['Seu consumo está na média do seu perfil, mas ainda há espaço pra economizar.', ""Sua maior fonte de consumo é a categoria 'Banheiro': Reduza o tempo de banho e evite usar o chuveiro elétrico na potência máxima, especialmente entre 17h30-20h30.""]",1793.86,1345.4,False,878
Moderado,0.56,"['Seu consumo está na média do seu perfil, mas ainda há espaço pra economizar.', ""Sua maior fonte de consumo é a categoria 'Banheiro': Reduza o tempo de banho e evite usar o chuveiro elétrico na potência máxima, especialmente entre 17h30-20h30.""]",1981.23,1485.92,False,879
Ineficiente,0.57,"['Seu consumo está acima do esperado para o seu tipo de imóvel — dá pra economizar bastante.', ""Sua maior fonte de consumo é a categoria 'Banheiro': Reduza o tempo de banho e evite usar o chuveiro elétrico na potência máxima, especialmente entre 17h30-20h30.""]",4142.78,3107.09,True,880
Eficiente,0.45,"['Parabéns! Seu consumo está dentro do esperado para o seu perfil. Continue assim.', ""Sua maior fonte de consumo é a categoria 'Iluminacao': Troque lâmpadas convencionais por LED, que consomem bem menos.""]",2220.8,1665.6,False,881
Eficiente,0.85,"['Parabéns! Seu consumo está dentro do esperado para o seu perfil. Continue assim.', ""Sua maior fonte de consumo é a categoria 'Iluminacao': Troque lâmpadas convencionais por LED, que consomem bem menos.""]",1406.05,1054.54,False,882
Moderado,0.49,"['Seu consumo está na média do seu perfil, mas ainda há espaço pra economizar.', ""Sua maior fonte de consumo é a categoria 'Climatizacao': Ajuste o ar-condicionado para 23-24°C e evite deixá-lo ligado sem necessidade.""]",2028.3,1521.22,False,883
Ineficiente,0.72,"['Seu consumo está acima do esperado para o seu tipo de imóvel — dá pra economizar bastante.', ""Sua maior fonte de consumo é a categoria 'TI': Desligue computadores e servidores quando não estiverem em uso.""]",6908.5,5181.38,True,884
Moderado,0.76,"['Seu consumo está na média do seu perfil, mas ainda há espaço pra economizar.', ""Sua maior fonte de consumo é a categoria 'Banheiro': Reduza o tempo de banho e evite usar o chuveiro elétrico na potência máxima, especialmente entre 17h30-20h30.""]",896.88,672.66,False,885
Moderado,0.64,"['Seu consumo está na média do seu perfil, mas ainda há espaço pra economizar.', ""Sua maior fonte de consumo é a categoria 'Banheiro': Reduza o tempo de banho e evite usar o chuveiro elétrico na potência máxima, especialmente entre 17h30-20h30.""]",2402.07,1801.55,False,886
Moderado,0.81,"['Seu consumo está na média do seu perfil, mas ainda há espaço pra economizar.', ""Sua maior fonte de consumo é a categoria 'Banheiro': Reduza o tempo de banho e evite usar o chuveiro elétrico na potência máxima, especialmente entre 17h30-20h30.""]",865.95,649.46,False,887
Moderado,0.71,"['Seu consumo está na média do seu perfil, mas ainda há espaço pra economizar.', ""Sua maior fonte de consumo é a categoria 'Banheiro': Reduza o tempo de banho e evite usar o chuveiro elétrico na potência máxima, especialmente entre 17h30-20h30.""]",1577.76,1183.32,False,888
Moderado,0.58,"['Seu consumo está na média do seu perfil, mas ainda há espaço pra economizar.', ""Sua maior fonte de consumo é a categoria 'Iluminacao': Troque lâmpadas convencionais por LED, que consomem bem menos.""]",5408.58,4056.43,False,889
Moderado,0.58,"['Seu consumo está na média do seu perfil, mas ainda há espaço pra economizar.', ""Sua maior fonte de consumo é a categoria 'Industrial': Distribua o uso do maquinário ao longo do dia -- evite concentrar em horário de ponta (17h30-20h30), quando a tarifa é mais alta.""]",10783.5,8087.62,False,890
Eficiente,0.64,"['Parabéns! Seu consumo está dentro do esperado para o seu perfil. Continue assim.', ""Sua maior fonte de consumo é a categoria 'Cozinha': Concentre o uso de forno elétrico/airfryer fora do horário de ponta da Light (17h30-20h30).""]",1152.64,864.48,False,891
Ineficiente,0.55,"['Seu consumo está acima do esperado para o seu tipo de imóvel — dá pra economizar bastante.', ""Sua maior fonte de consumo é a categoria 'Banheiro': Reduza o tempo de banho e evite usar o chuveiro elétrico na potência máxima, especialmente entre 17h30-20h30.""]",2475.99,1856.99,True,892
Moderado,0.45,"['Seu consumo está na média do seu perfil, mas ainda há espaço pra economizar.', ""Sua maior fonte de consumo é a categoria 'Climatizacao': Ajuste o ar-condicionado para 23-24°C e evite deixá-lo ligado sem necessidade.""]",6925.32,5193.99,False,893
Moderado,0.68,"['Seu consumo está na média do seu perfil, mas ainda há espaço pra economizar.', ""Sua maior fonte de consumo é a categoria 'Banheiro': Reduza o tempo de banho e evite usar o chuveiro elétrico na potência máxima, especialmente entre 17h30-20h30.""]",2207.82,1655.87,False,894
Moderado,0.49,"['Seu consumo está na média do seu perfil, mas ainda há espaço pra economizar.', ""Sua maior fonte de consumo é a categoria 'Cozinha': Concentre o uso de forno elétrico/airfryer fora do horário de ponta da Light (17h30-20h30).""]",935.56,701.67,False,895
Eficiente,0.64,"['Parabéns! Seu consumo está dentro do esperado para o seu perfil. Continue assim.', ""Sua maior fonte de consumo é a categoria 'Climatizacao': Ajuste o ar-condicionado para 23-24°C e evite deixá-lo ligado sem necessidade.""]",3001.14,2250.86,False,896
Moderado,0.44,"['Seu consumo está na média do seu perfil, mas ainda há espaço pra economizar.', ""Sua maior fonte de consumo é a categoria 'TI': Desligue computadores e servidores quando não estiverem em uso.""]",7700.28,5775.21,False,897
Moderado,0.5,"['Seu consumo está na média do seu perfil, mas ainda há espaço pra economizar.', ""Sua maior fonte de consumo é a categoria 'Banheiro': Reduza o tempo de banho e evite usar o chuveiro elétrico na potência máxima, especialmente entre 17h30-20h30.""]",4849.92,3637.44,False,898
Ineficiente,0.92,"['Seu consumo está acima do esperado para o seu tipo de imóvel — dá pra economizar bastante.', ""Sua maior fonte de consumo é a categoria 'Banheiro': Reduza o tempo de banho e evite usar o chuveiro elétrico na potência máxima, especialmente entre 17h30-20h30.""]",37064.86,27798.65,True,899
Moderado,0.59,"['Seu consumo está na média do seu perfil, mas ainda há espaço pra economizar.', ""Sua maior fonte de consumo é a categoria 'TI': Desligue computadores e servidores quando não estiverem em uso.""]",5896.63,4422.47,False,900
Eficiente,0.65,"['Parabéns! Seu consumo está dentro do esperado para o seu perfil. Continue assim.', ""Sua maior fonte de consumo é a categoria 'Cozinha': Concentre o uso de forno elétrico/airfryer fora do horário de ponta da Light (17h30-20h30).""]",837.57,628.18,False,901
Moderado,0.71,"['Seu consumo está na média do seu perfil, mas ainda há espaço pra economizar.', ""Sua maior fonte de consumo é a categoria 'Banheiro': Reduza o tempo de banho e evite usar o chuveiro elétrico na potência máxima, especialmente entre 17h30-20h30.""]",4048.31,3036.23,False,902
Eficiente,0.63,"['Parabéns! Seu consumo está dentro do esperado para o seu perfil. Continue assim.', ""Sua maior fonte de consumo é a categoria 'TI': Desligue computadores e servidores quando não estiverem em uso.""]",2440.61,1830.46,False,903
Moderado,0.53,"['Seu consumo está na média do seu perfil, mas ainda há espaço pra economizar.', ""Sua maior fonte de consumo é a categoria 'Cozinha': Concentre o uso de forno elétrico/airfryer fora do horário de ponta da Light (17h30-20h30).""]",311.46,233.6,False,904
Eficiente,0.63,"['Parabéns! Seu consumo está dentro do esperado para o seu perfil. Continue assim.', ""Sua maior fonte de consumo é a categoria 'Climatizacao': Ajuste o ar-condicionado para 23-24°C e evite deixá-lo ligado sem necessidade.""]",3907.58,2930.69,False,905
Moderado,0.7,"['Seu consumo está na média do seu perfil, mas ainda há espaço pra economizar.', ""Sua maior fonte de consumo é a categoria 'Climatizacao': Ajuste o ar-condicionado para 23-24°C e evite deixá-lo ligado sem necessidade.""]",1966.6,1474.95,False,906
Eficiente,0.95,"['Parabéns! Seu consumo está dentro do esperado para o seu perfil. Continue assim.', ""Sua maior fonte de consumo é a categoria 'Climatizacao': Ajuste o ar-condicionado para 23-24°C e evite deixá-lo ligado sem necessidade.""]",2870.62,2152.96,False,907
Moderado,0.73,"['Seu consumo está na média do seu perfil, mas ainda há espaço pra economizar.', ""Sua maior fonte de consumo é a categoria 'Cozinha': Concentre o uso de forno elétrico/airfryer fora do horário de ponta da Light (17h30-20h30).""]",4012.71,3009.53,False,908
Eficiente,0.5,"['Parabéns! Seu consumo está dentro do esperado para o seu perfil. Continue assim.', ""Sua maior fonte de consumo é a categoria 'Cozinha': Concentre o uso de forno elétrico/airfryer fora do horário de ponta da Light (17h30-20h30).""]",1264.83,948.62,False,909
Moderado,0.61,"['Seu consumo está na média do seu perfil, mas ainda há espaço pra economizar.', ""Sua maior fonte de consumo é a categoria 'Cozinha': Concentre o uso de forno elétrico/airfryer fora do horário de ponta da Light (17h30-20h30).""]",3852.92,2889.69,False,910
Moderado,0.6,"['Seu consumo está na média do seu perfil, mas ainda há espaço pra economizar.', ""Sua maior fonte de consumo é a categoria 'Banheiro': Reduza o tempo de banho e evite usar o chuveiro elétrico na potência máxima, especialmente entre 17h30-20h30.""]",1980.2,1485.15,False,911
Moderado,0.55,"['Seu consumo está na média do seu perfil, mas ainda há espaço pra economizar.', ""Sua maior fonte de consumo é a categoria 'Climatizacao': Ajuste o ar-condicionado para 23-24°C e evite deixá-lo ligado sem necessidade.""]",6761.07,5070.81,False,912
Eficiente,0.81,"['Parabéns! Seu consumo está dentro do esperado para o seu perfil. Continue assim.', ""Sua maior fonte de consumo é a categoria 'TI': Desligue computadores e servidores quando não estiverem em uso.""]",8723.2,6542.4,False,913
Eficiente,0.5,"['Parabéns! Seu consumo está dentro do esperado para o seu perfil. Continue assim.', ""Sua maior fonte de consumo é a categoria 'Climatizacao': Ajuste o ar-condicionado para 23-24°C e evite deixá-lo ligado sem necessidade.""]",764.82,573.62,False,914
Moderado,0.58,"['Seu consumo está na média do seu perfil, mas ainda há espaço pra economizar.', ""Sua maior fonte de consumo é a categoria 'Banheiro': Reduza o tempo de banho e evite usar o chuveiro elétrico na potência máxima, especialmente entre 17h30-20h30.""]",759.09,569.32,False,915
Moderado,0.57,"['Seu consumo está na média do seu perfil, mas ainda há espaço pra economizar.', ""Sua maior fonte de consumo é a categoria 'TI': Desligue computadores e servidores quando não estiverem em uso.""]",3419.95,2564.96,False,916
Eficiente,0.73,"['Parabéns! Seu consumo está dentro do esperado para o seu perfil. Continue assim.', ""Sua maior fonte de consumo é a categoria 'Climatizacao': Ajuste o ar-condicionado para 23-24°C e evite deixá-lo ligado sem necessidade.""]",2445.96,1834.47,False,917
Moderado,0.79,"['Seu consumo está na média do seu perfil, mas ainda há espaço pra economizar.', ""Sua maior fonte de consumo é a categoria 'Cozinha': Concentre o uso de forno elétrico/airfryer fora do horário de ponta da Light (17h30-20h30).""]",1449.8,1087.35,False,918
Moderado,0.65,"['Seu consumo está na média do seu perfil, mas ainda há espaço pra economizar.', ""Sua maior fonte de consumo é a categoria 'Banheiro': Reduza o tempo de banho e evite usar o chuveiro elétrico na potência máxima, especialmente entre 17h30-20h30.""]",5900.04,4425.03,False,919
Moderado,0.82,"['Seu consumo está na média do seu perfil, mas ainda há espaço pra economizar.', ""Sua maior fonte de consumo é a categoria 'Banheiro': Reduza o tempo de banho e evite usar o chuveiro elétrico na potência máxima, especialmente entre 17h30-20h30.""]",1940.66,1455.5,False,920
Eficiente,0.54,"['Parabéns! Seu consumo está dentro do esperado para o seu perfil. Continue assim.', ""Sua maior fonte de consumo é a categoria 'Climatizacao': Ajuste o ar-condicionado para 23-24°C e evite deixá-lo ligado sem necessidade.""]",3336.6,2502.45,False,921
Moderado,0.75,"['Seu consumo está na média do seu perfil, mas ainda há espaço pra economizar.', ""Sua maior fonte de consumo é a categoria 'Banheiro': Reduza o tempo de banho e evite usar o chuveiro elétrico na potência máxima, especialmente entre 17h30-20h30.""]",820.66,615.5,False,922
Eficiente,0.5,"['Parabéns! Seu consumo está dentro do esperado para o seu perfil. Continue assim.', ""Sua maior fonte de consumo é a categoria 'Climatizacao': Ajuste o ar-condicionado para 23-24°C e evite deixá-lo ligado sem necessidade.""]",3639.35,2729.51,False,923
Moderado,0.67,"['Seu consumo está na média do seu perfil, mas ainda há espaço pra economizar.', ""Sua maior fonte de consumo é a categoria 'Banheiro': Reduza o tempo de banho e evite usar o chuveiro elétrico na potência máxima, especialmente entre 17h30-20h30.""]",2116.32,1587.24,False,924
Ineficiente,0.51,"['Seu consumo está acima do esperado para o seu tipo de imóvel — dá pra economizar bastante.', ""Sua maior fonte de consumo é a categoria 'TI': Desligue computadores e servidores quando não estiverem em uso.""]",7195.45,5396.59,True,925
Moderado,0.78,"['Seu consumo está na média do seu perfil, mas ainda há espaço pra economizar.', ""Sua maior fonte de consumo é a categoria 'Banheiro': Reduza o tempo de banho e evite usar o chuveiro elétrico na potência máxima, especialmente entre 17h30-20h30.""]",2182.94,1637.2,False,926
Moderado,0.65,"['Seu consumo está na média do seu perfil, mas ainda há espaço pra economizar.', ""Sua maior fonte de consumo é a categoria 'Cozinha': Concentre o uso de forno elétrico/airfryer fora do horário de ponta da Light (17h30-20h30).""]",2815.2,2111.4,False,927
Ineficiente,0.79,"['Seu consumo está acima do esperado para o seu tipo de imóvel — dá pra economizar bastante.', ""Sua maior fonte de consumo é a categoria 'Banheiro': Reduza o tempo de banho e evite usar o chuveiro elétrico na potência máxima, especialmente entre 17h30-20h30.""]",8308.28,6231.21,True,928
Eficiente,0.51,"['Parabéns! Seu consumo está dentro do esperado para o seu perfil. Continue assim.', ""Sua maior fonte de consumo é a categoria 'TI': Desligue computadores e servidores quando não estiverem em uso.""]",6378.92,4784.19,False,929
Moderado,0.69,"['Seu consumo está na média do seu perfil, mas ainda há espaço pra economizar.', ""Sua maior fonte de consumo é a categoria 'Cozinha': Concentre o uso de forno elétrico/airfryer fora do horário de ponta da Light (17h30-20h30).""]",1565.22,1173.92,False,930
Moderado,0.67,"['Seu consumo está na média do seu perfil, mas ainda há espaço pra economizar.', ""Sua maior fonte de consumo é a categoria 'Cozinha': Concentre o uso de forno elétrico/airfryer fora do horário de ponta da Light (17h30-20h30).""]",1370.25,1027.69,False,931
Moderado,0.66,"['Seu consumo está na média do seu perfil, mas ainda há espaço pra economizar.', ""Sua maior fonte de consumo é a categoria 'Banheiro': Reduza o tempo de banho e evite usar o chuveiro elétrico na potência máxima, especialmente entre 17h30-20h30.""]",3628.8,2721.6,False,932
Moderado,0.77,"['Seu consumo está na média do seu perfil, mas ainda há espaço pra economizar.', ""Sua maior fonte de consumo é a categoria 'Cozinha': Concentre o uso de forno elétrico/airfryer fora do horário de ponta da Light (17h30-20h30).""]",3152.68,2364.51,False,933
Moderado,0.48,"['Seu consumo está na média do seu perfil, mas ainda há espaço pra economizar.', ""Sua maior fonte de consumo é a categoria 'Iluminacao': Troque lâmpadas convencionais por LED, que consomem bem menos.""]",4574.68,3431.01,False,934
Moderado,0.44,"['Seu consumo está na média do seu perfil, mas ainda há espaço pra economizar.', ""Sua maior fonte de consumo é a categoria 'TI': Desligue computadores e servidores quando não estiverem em uso.""]",5725.54,4294.16,False,935
Ineficiente,0.53,"['Seu consumo está acima do esperado para o seu tipo de imóvel — dá pra economizar bastante.', ""Sua maior fonte de consumo é a categoria 'TI': Desligue computadores e servidores quando não estiverem em uso.""]",10038.75,7529.06,True,936
Eficiente,0.86,"['Parabéns! Seu consumo está dentro do esperado para o seu perfil. Continue assim.', ""Sua maior fonte de consumo é a categoria 'Cozinha': Concentre o uso de forno elétrico/airfryer fora do horário de ponta da Light (17h30-20h30).""]",78.36,58.77,False,937
Moderado,0.46,"['Seu consumo está na média do seu perfil, mas ainda há espaço pra economizar.', ""Sua maior fonte de consumo é a categoria 'TI': Desligue computadores e servidores quando não estiverem em uso.""]",7239.3,5429.48,False,938
Moderado,0.68,"['Seu consumo está na média do seu perfil, mas ainda há espaço pra economizar.', ""Sua maior fonte de consumo é a categoria 'Banheiro': Reduza o tempo de banho e evite usar o chuveiro elétrico na potência máxima, especialmente entre 17h30-20h30.""]",3758.67,2819.0,False,939
Moderado,0.8,"['Seu consumo está na média do seu perfil, mas ainda há espaço pra economizar.', ""Sua maior fonte de consumo é a categoria 'Banheiro': Reduza o tempo de banho e evite usar o chuveiro elétrico na potência máxima, especialmente entre 17h30-20h30.""]",2310.85,1733.14,False,940
Moderado,0.77,"['Seu consumo está na média do seu perfil, mas ainda há espaço pra economizar.', ""Sua maior fonte de consumo é a categoria 'Banheiro': Reduza o tempo de banho e evite usar o chuveiro elétrico na potência máxima, especialmente entre 17h30-20h30.""]",2927.1,2195.32,False,941
Moderado,0.81,"['Seu consumo está na média do seu perfil, mas ainda há espaço pra economizar.', ""Sua maior fonte de consumo é a categoria 'Cozinha': Concentre o uso de forno elétrico/airfryer fora do horário de ponta da Light (17h30-20h30).""]",1344.92,1008.69,False,942
Ineficiente,0.79,"['Seu consumo está acima do esperado para o seu tipo de imóvel — dá pra economizar bastante.', ""Sua maior fonte de consumo é a categoria 'Iluminacao': Troque lâmpadas convencionais por LED, que consomem bem menos.""]",6336.6,4752.45,True,943
Eficiente,0.65,"['Parabéns! Seu consumo está dentro do esperado para o seu perfil. Continue assim.', ""Sua maior fonte de consumo é a categoria 'TI': Desligue computadores e servidores quando não estiverem em uso.""]",4270.86,3203.15,False,944
Moderado,0.47,"['Seu consumo está na média do seu perfil, mas ainda há espaço pra economizar.', ""Sua maior fonte de consumo é a categoria 'Iluminacao': Troque lâmpadas convencionais por LED, que consomem bem menos.""]",4470.75,3353.06,False,945
Moderado,0.59,"['Seu consumo está na média do seu perfil, mas ainda há espaço pra economizar.', ""Sua maior fonte de consumo é a categoria 'Cozinha': Concentre o uso de forno elétrico/airfryer fora do horário de ponta da Light (17h30-20h30).""]",2432.34,1824.25,False,946
Eficiente,0.54,"['Parabéns! Seu consumo está dentro do esperado para o seu perfil. Continue assim.', ""Sua maior fonte de consumo é a categoria 'Banheiro': Reduza o tempo de banho e evite usar o chuveiro elétrico na potência máxima, especialmente entre 17h30-20h30.""]",509.7,382.27,False,947
Moderado,0.84,"['Seu consumo está na média do seu perfil, mas ainda há espaço pra economizar.', ""Sua maior fonte de consumo é a categoria 'Cozinha': Concentre o uso de forno elétrico/airfryer fora do horário de ponta da Light (17h30-20h30).""]",2399.36,1799.52,False,948
Ineficiente,0.53,"['Seu consumo está acima do esperado para o seu tipo de imóvel — dá pra economizar bastante.', ""Sua maior fonte de consumo é a categoria 'Banheiro': Reduza o tempo de banho e evite usar o chuveiro elétrico na potência máxima, especialmente entre 17h30-20h30.""]",6844.29,5133.22,True,949
Eficiente,0.84,"['Parabéns! Seu consumo está dentro do esperado para o seu perfil. Continue assim.', ""Sua maior fonte de consumo é a categoria 'Cozinha': Concentre o uso de forno elétrico/airfryer fora do horário de ponta da Light (17h30-20h30).""]",262.4,196.8,False,950
Eficiente,0.51,"['Parabéns! Seu consumo está dentro do esperado para o seu perfil. Continue assim.', ""Sua maior fonte de consumo é a categoria 'Cozinha': Concentre o uso de forno elétrico/airfryer fora do horário de ponta da Light (17h30-20h30).""]",779.77,584.83,False,951
Eficiente,0.73,"['Parabéns! Seu consumo está dentro do esperado para o seu perfil. Continue assim.', ""Sua maior fonte de consumo é a categoria 'Cozinha': Concentre o uso de forno elétrico/airfryer fora do horário de ponta da Light (17h30-20h30).""]",595.59,446.69,False,952
Moderado,0.53,"['Seu consumo está na média do seu perfil, mas ainda há espaço pra economizar.', ""Sua maior fonte de consumo é a categoria 'Banheiro': Reduza o tempo de banho e evite usar o chuveiro elétrico na potência máxima, especialmente entre 17h30-20h30.""]",5067.39,3800.54,False,953
Eficiente,0.59,"['Parabéns! Seu consumo está dentro do esperado para o seu perfil. Continue assim.', ""Sua maior fonte de consumo é a categoria 'Climatizacao': Ajuste o ar-condicionado para 23-24°C e evite deixá-lo ligado sem necessidade.""]",2222.62,1666.96,False,954
Moderado,0.51,"['Seu consumo está na média do seu perfil, mas ainda há espaço pra economizar.', ""Sua maior fonte de consumo é a categoria 'Industrial': Distribua o uso do maquinário ao longo do dia -- evite concentrar em horário de ponta (17h30-20h30), quando a tarifa é mais alta.""]",8937.14,6702.86,False,955
Ineficiente,0.53,"['Seu consumo está acima do esperado para o seu tipo de imóvel — dá pra economizar bastante.', ""Sua maior fonte de consumo é a categoria 'Industrial': Distribua o uso do maquinário ao longo do dia -- evite concentrar em horário de ponta (17h30-20h30), quando a tarifa é mais alta.""]",27360.98,20520.74,True,956
Eficiente,0.78,"['Parabéns! Seu consumo está dentro do esperado para o seu perfil. Continue assim.', ""Sua maior fonte de consumo é a categoria 'Cozinha': Concentre o uso de forno elétrico/airfryer fora do horário de ponta da Light (17h30-20h30).""]",817.0,612.75,False,957
Moderado,0.61,"['Seu consumo está na média do seu perfil, mas ainda há espaço pra economizar.', ""Sua maior fonte de consumo é a categoria 'Cozinha': Concentre o uso de forno elétrico/airfryer fora do horário de ponta da Light (17h30-20h30).""]",855.04,641.28,False,958
Moderado,0.6,"['Seu consumo está na média do seu perfil, mas ainda há espaço pra economizar.', ""Sua maior fonte de consumo é a categoria 'TI': Desligue computadores e servidores quando não estiverem em uso.""]",4253.93,3190.45,False,959
Ineficiente,0.78,"['Seu consumo está acima do esperado para o seu tipo de imóvel — dá pra economizar bastante.', ""Sua maior fonte de consumo é a categoria 'Climatizacao': Ajuste o ar-condicionado para 23-24°C e evite deixá-lo ligado sem necessidade.""]",6689.93,5017.45,True,960
Moderado,0.54,"['Seu consumo está na média do seu perfil, mas ainda há espaço pra economizar.', ""Sua maior fonte de consumo é a categoria 'Climatizacao': Ajuste o ar-condicionado para 23-24°C e evite deixá-lo ligado sem necessidade.""]",1906.76,1430.07,False,961
Eficiente,0.59,"['Parabéns! Seu consumo está dentro do esperado para o seu perfil. Continue assim.', ""Sua maior fonte de consumo é a categoria 'Climatizacao': Ajuste o ar-condicionado para 23-24°C e evite deixá-lo ligado sem necessidade.""]",1120.54,840.4,False,962
Ineficiente,0.56,"['Seu consumo está acima do esperado para o seu tipo de imóvel — dá pra economizar bastante.', ""Sua maior fonte de consumo é a categoria 'Iluminacao': Troque lâmpadas convencionais por LED, que consomem bem menos.""]",4653.22,3489.92,True,963
Moderado,0.8,"['Seu consumo está na média do seu perfil, mas ainda há espaço pra economizar.', ""Sua maior fonte de consumo é a categoria 'Banheiro': Reduza o tempo de banho e evite usar o chuveiro elétrico na potência máxima, especialmente entre 17h30-20h30.""]",5436.39,4077.29,False,964
Eficiente,0.75,"['Parabéns! Seu consumo está dentro do esperado para o seu perfil. Continue assim.', ""Sua maior fonte de consumo é a categoria 'Cozinha': Concentre o uso de forno elétrico/airfryer fora do horário de ponta da Light (17h30-20h30).""]",707.74,530.81,False,965
Moderado,0.8,"['Seu consumo está na média do seu perfil, mas ainda há espaço pra economizar.', ""Sua maior fonte de consumo é a categoria 'Banheiro': Reduza o tempo de banho e evite usar o chuveiro elétrico na potência máxima, especialmente entre 17h30-20h30.""]",2424.48,1818.36,False,966
Eficiente,0.48,"['Parabéns! Seu consumo está dentro do esperado para o seu perfil. Continue assim.', ""Sua maior fonte de consumo é a categoria 'Cozinha': Concentre o uso de forno elétrico/airfryer fora do horário de ponta da Light (17h30-20h30).""]",966.59,724.94,False,967
Eficiente,0.6,"['Parabéns! Seu consumo está dentro do esperado para o seu perfil. Continue assim.', ""Sua maior fonte de consumo é a categoria 'Cozinha': Concentre o uso de forno elétrico/airfryer fora do horário de ponta da Light (17h30-20h30).""]",1697.98,1273.48,False,968
Moderado,0.78,"['Seu consumo está na média do seu perfil, mas ainda há espaço pra economizar.', ""Sua maior fonte de consumo é a categoria 'Cozinha': Concentre o uso de forno elétrico/airfryer fora do horário de ponta da Light (17h30-20h30).""]",2225.36,1669.02,False,969
Moderado,0.7,"['Seu consumo está na média do seu perfil, mas ainda há espaço pra economizar.', ""Sua maior fonte de consumo é a categoria 'Banheiro': Reduza o tempo de banho e evite usar o chuveiro elétrico na potência máxima, especialmente entre 17h30-20h30.""]",1991.93,1493.95,False,970
Eficiente,0.97,"['Parabéns! Seu consumo está dentro do esperado para o seu perfil. Continue assim.', ""Sua maior fonte de consumo é a categoria 'Cozinha': Concentre o uso de forno elétrico/airfryer fora do horário de ponta da Light (17h30-20h30).""]",592.58,444.44,False,971
Ineficiente,0.81,"['Seu consumo está acima do esperado para o seu tipo de imóvel — dá pra economizar bastante.', ""Sua maior fonte de consumo é a categoria 'TI': Desligue computadores e servidores quando não estiverem em uso.""]",8185.3,6138.97,True,972
Moderado,0.58,"['Seu consumo está na média do seu perfil, mas ainda há espaço pra economizar.', ""Sua maior fonte de consumo é a categoria 'Climatizacao': Ajuste o ar-condicionado para 23-24°C e evite deixá-lo ligado sem necessidade.""]",667.28,500.46,False,973
Moderado,0.75,"['Seu consumo está na média do seu perfil, mas ainda há espaço pra economizar.', ""Sua maior fonte de consumo é a categoria 'Banheiro': Reduza o tempo de banho e evite usar o chuveiro elétrico na potência máxima, especialmente entre 17h30-20h30.""]",3418.89,2564.17,False,974
Moderado,0.82,"['Seu consumo está na média do seu perfil, mas ainda há espaço pra economizar.', ""Sua maior fonte de consumo é a categoria 'Banheiro': Reduza o tempo de banho e evite usar o chuveiro elétrico na potência máxima, especialmente entre 17h30-20h30.""]",3003.86,2252.89,False,975
Eficiente,0.95,"['Parabéns! Seu consumo está dentro do esperado para o seu perfil. Continue assim.', ""Sua maior fonte de consumo é a categoria 'Iluminacao': Troque lâmpadas convencionais por LED, que consomem bem menos.""]",2517.28,1887.96,False,976
Moderado,0.83,"['Seu consumo está na média do seu perfil, mas ainda há espaço pra economizar.', ""Sua maior fonte de consumo é a categoria 'Cozinha': Concentre o uso de forno elétrico/airfryer fora do horário de ponta da Light (17h30-20h30).""]",1652.69,1239.52,False,977
Ineficiente,0.82,"['Seu consumo está acima do esperado para o seu tipo de imóvel — dá pra economizar bastante.', ""Sua maior fonte de consumo é a categoria 'Banheiro': Reduza o tempo de banho e evite usar o chuveiro elétrico na potência máxima, especialmente entre 17h30-20h30.""]",5131.84,3848.88,True,978
Moderado,0.54,"['Seu consumo está na média do seu perfil, mas ainda há espaço pra economizar.', ""Sua maior fonte de consumo é a categoria 'TI': Desligue computadores e servidores quando não estiverem em uso.""]",5749.46,4312.1,False,979
Eficiente,0.82,"['Parabéns! Seu consumo está dentro do esperado para o seu perfil. Continue assim.', ""Sua maior fonte de consumo é a categoria 'Cozinha': Concentre o uso de forno elétrico/airfryer fora do horário de ponta da Light (17h30-20h30).""]",1590.3,1192.72,False,980
Ineficiente,0.63,"['Seu consumo está acima do esperado para o seu tipo de imóvel — dá pra economizar bastante.', ""Sua maior fonte de consumo é a categoria 'Banheiro': Reduza o tempo de banho e evite usar o chuveiro elétrico na potência máxima, especialmente entre 17h30-20h30.""]",4382.41,3286.81,True,981
Eficiente,0.49,"['Parabéns! Seu consumo está dentro do esperado para o seu perfil. Continue assim.', ""Sua maior fonte de consumo é a categoria 'TI': Desligue computadores e servidores quando não estiverem em uso.""]",3524.44,2643.33,False,982
Eficiente,0.61,"['Parabéns! Seu consumo está dentro do esperado para o seu perfil. Continue assim.', ""Sua maior fonte de consumo é a categoria 'Climatizacao': Ajuste o ar-condicionado para 23-24°C e evite deixá-lo ligado sem necessidade.""]",1182.65,886.99,False,983
Moderado,0.68,"['Seu consumo está na média do seu perfil, mas ainda há espaço pra economizar.', ""Sua maior fonte de consumo é a categoria 'Banheiro': Reduza o tempo de banho e evite usar o chuveiro elétrico na potência máxima, especialmente entre 17h30-20h30.""]",3370.76,2528.07,False,984
Moderado,0.76,"['Seu consumo está na média do seu perfil, mas ainda há espaço pra economizar.', ""Sua maior fonte de consumo é a categoria 'Banheiro': Reduza o tempo de banho e evite usar o chuveiro elétrico na potência máxima, especialmente entre 17h30-20h30.""]",1499.8,1124.85,False,985
Moderado,0.79,"['Seu consumo está na média do seu perfil, mas ainda há espaço pra economizar.', ""Sua maior fonte de consumo é a categoria 'Banheiro': Reduza o tempo de banho e evite usar o chuveiro elétrico na potência máxima, especialmente entre 17h30-20h30.""]",2292.3,1719.22,False,986
Moderado,0.45,"['Seu consumo está na média do seu perfil, mas ainda há espaço pra economizar.', ""Sua maior fonte de consumo é a categoria 'TI': Desligue computadores e servidores quando não estiverem em uso.""]",4128.98,3096.74,False,987
Moderado,0.83,"['Seu consumo está na média do seu perfil, mas ainda há espaço pra economizar.', ""Sua maior fonte de consumo é a categoria 'Banheiro': Reduza o tempo de banho e evite usar o chuveiro elétrico na potência máxima, especialmente entre 17h30-20h30.""]",5260.62,3945.46,False,988
Moderado,0.74,"['Seu consumo está na média do seu perfil, mas ainda há espaço pra economizar.', ""Sua maior fonte de consumo é a categoria 'Banheiro': Reduza o tempo de banho e evite usar o chuveiro elétrico na potência máxima, especialmente entre 17h30-20h30.""]",1276.67,957.5,False,989
Eficiente,0.56,"['Parabéns! Seu consumo está dentro do esperado para o seu perfil. Continue assim.', ""Sua maior fonte de consumo é a categoria 'Climatizacao': Ajuste o ar-condicionado para 23-24°C e evite deixá-lo ligado sem necessidade.""]",5443.14,4082.35,False,990
Eficiente,0.69,"['Parabéns! Seu consumo está dentro do esperado para o seu perfil. Continue assim.', ""Sua maior fonte de consumo é a categoria 'Climatizacao': Ajuste o ar-condicionado para 23-24°C e evite deixá-lo ligado sem necessidade.""]",2072.3,1554.22,False,991
Eficiente,0.59,"['Parabéns! Seu consumo está dentro do esperado para o seu perfil. Continue assim.', ""Sua maior fonte de consumo é a categoria 'Climatizacao': Ajuste o ar-condicionado para 23-24°C e evite deixá-lo ligado sem necessidade.""]",1233.54,925.16,False,992
Moderado,0.5,"['Seu consumo está na média do seu perfil, mas ainda há espaço pra economizar.', ""Sua maior fonte de consumo é a categoria 'Climatizacao': Ajuste o ar-condicionado para 23-24°C e evite deixá-lo ligado sem necessidade.""]",3951.24,2963.43,False,993
Moderado,0.59,"['Seu consumo está na média do seu perfil, mas ainda há espaço pra economizar.', ""Sua maior fonte de consumo é a categoria 'Banheiro': Reduza o tempo de banho e evite usar o chuveiro elétrico na potência máxima, especialmente entre 17h30-20h30.""]",5934.99,4451.24,False,994
Eficiente,0.51,"['Parabéns! Seu consumo está dentro do esperado para o seu perfil. Continue assim.', ""Sua maior fonte de consumo é a categoria 'Climatizacao': Ajuste o ar-condicionado para 23-24°C e evite deixá-lo ligado sem necessidade.""]",6715.2,5036.4,False,995
Moderado,0.49,"['Seu consumo está na média do seu perfil, mas ainda há espaço pra economizar.', ""Sua maior fonte de consumo é a categoria 'Climatizacao': Ajuste o ar-condicionado para 23-24°C e evite deixá-lo ligado sem necessidade.""]",4388.94,3291.71,False,996
Moderado,0.47,"['Seu consumo está na média do seu perfil, mas ainda há espaço pra economizar.', ""Sua maior fonte de consumo é a categoria 'TI': Desligue computadores e servidores quando não estiverem em uso.""]",12661.8,9496.35,False,997
Moderado,0.61,"['Seu consumo está na média do seu perfil, mas ainda há espaço pra economizar.', ""Sua maior fonte de consumo é a categoria 'Cozinha': Concentre o uso de forno elétrico/airfryer fora do horário de ponta da Light (17h30-20h30).""]",1042.75,782.06,False,998
Ineficiente,0.73,"['Seu consumo está acima do esperado para o seu tipo de imóvel — dá pra economizar bastante.', ""Sua maior fonte de consumo é a categoria 'Banheiro': Reduza o tempo de banho e evite usar o chuveiro elétrico na potência máxima, especialmente entre 17h30-20h30.""]",6545.08,4908.81,True,999
Eficiente,0.74,"['Parabéns! Seu consumo está dentro do esperado para o seu perfil. Continue assim.', ""Sua maior fonte de consumo é a categoria 'Cozinha': Concentre o uso de forno elétrico/airfryer fora do horário de ponta da Light (17h30-20h30).""]",541.54,406.15,False,1000
